itemCode,description,priceCents,priceDisplay,category,quarterlyLimit,isDualPurpose,page
"00203","Zyrtec 10mg tablets 30 ct.","3250","$32.50","Allergy","6","false","5"
"00301","Fexofenadine tablets 30 ct. (generic allegra)","1600","$16.00","Allergy","6","false","5"
"10222","Nasacort allergy 24 hour 60/spray","2975","$29.75","Allergy","6","false","5"
"10629","Zyrtec 10mg tablets 90 ct.","6900","$69.00","Allergy","6","false","5"
"10670","Alka-seltzer plus maximum strength liquid gels 24 ct.","1575","$15.75","Allergy","6","false","5"
"10701","Flonase nasal spray for allergies 72/spray","2750","$27.50","Allergy","6","false","5"
"10703","Flonase nasal spray for allergies 144/spray","4275","$42.75","Allergy","6","false","5"
"10871","Zyrtec 10mg tablets 5 ct.","1150","$11.50","Allergy","6","false","5"
"10874","Benadryl allergy tablets 24 ct.","900","$9.00","Allergy","6","false","5"
"11569","Complete allergy medicine tablets 100 ct. diphenhydramine 25mg","325","$3.25","Allergy","6","false","5"
"11580","Claritin reditabs 10 ct.","1900","$19.00","Allergy","6","false","5"
"90582","Allergy 10mg tablets 30 ct. loratidine","500","$5.00","Allergy","6","false","5"
"90584","All day allergy tablets 30 ct. cetirizene","550","$5.50","Allergy","6","false","5"
"90980","Allegra 24 hour 180mg tablets 30 ct.","3750","$37.50","Allergy","6","false","5"
"91071","Allegra 12 hour 60mg tablets 12 ct.","1975","$19.75","Allergy","6","false","5"
"00006","Elastic bandage 3 in. x 5 yds.","200","$2.00","Category","6","false","21"
"00011","Elastic bandage 2 in. x 5 yds.","175","$1.75","Category","6","false","21"
"00013","Elastic bandage 4 in. x 5 yds.","225","$2.25","Category","6","false","21"
"00049","Triple antibiotic ointment tube 1 oz.","300","$3.00","Category","6","false","35"
"00142","Hand sanitizer 8 oz.","575","$5.75","Category","6","false","38"
"00328","Aspercreme lidocaine no mess liquid roll on 2.5 oz.","1400","$14.00","Category","6","false","32"
"00329","Bactine maximum pain relieving cleansing spray 5 oz.","1000","$10.00","Category","6","false","33"
"00335","Chewy delights cherry (generic tums) 32 ct.","600","$6.00","Category","6","false","43"
"00343","Folic acid 400mcg tablets 250 ct.","875","$8.75","Category","10","false","55"
"00345","Generic centrum silver 100 ct.","900","$9.00","Category","10","false","55"
"00346","Iron 65mg tablets 180 ct.","1275","$12.75","Category","10","false","55"
"00347","Magnesium citrate 250mg softgels 60 ct.","1700","$17.00","Category","10","false","55"
"00365","Women’s beige light support - extra large 15-20 mmhg","2100","$21.00","Category","6","false","50"
"00375","Curad soothe & cool assorted burn bandages 8 ct.","575","$5.75","Category","6","false","21"
"00377","Curad truly ouchless XL bandages 8 ct.","600","$6.00","Category","6","false","21"
"00835","Neosporin ointment .5 oz.","825","$8.25","Category","6","false","35"
"00836","Imodium AD caplets 24 ct.","1850","$18.50","Category","6","false","46"
"10012","Flushable adult wipes 48 ct.","475","$4.75","Category","6","false","28"
"10320","Band-Aid flexible fabric XL bandages 1 3/4 in. x 4 in. 10 ct.","575","$5.75","Category","6","false","21"
"10321","Band-Aid hurt free antiseptic wash 6 oz.","600","$6.00","Category","6","false","33"
"10322","New skin liquid bandage 50 applications","600","$6.00","Category","6","false","21"
"10404","Select heat heating pad king size 12 in. x 24 in.","4300","$43.00","Category","6","false","27"
"10407","Nicotine patches step 1 - 21mg - 14 ct.","3900","$39.00","Category","6","false","43"
"10410","Band-Aid large waterproof pad bandage 6 ct.","975","$9.75","Category","6","false","21"
"10413","36 x 72 in.","4525","$45.25","Category","6","false","29"
"10414","Nicotine patches step 1 - 21mg 28 ct.","7900","$79.00","Category","6","false","43"
"10419","Neosporin burn relief ointment .5 oz.","1050","$10.50","Category","6","false","35"
"10420","Band-Aid hydro seal all purpose bandages large 6 ct.","775","$7.75","Category","6","false","21"
"10423","Nicotine patches step 2 - 14mg - 14 ct.","3900","$39.00","Category","6","false","43"
"10424","Bengay vanishing scent topical gel 2 oz.","725","$7.25","Category","6","false","32"
"10429","Stomach relief tablets 30 ct.","500","$5.00","Category","6","false","46"
"10433","Stay dry reusable chair pad 17 x 24 in.","1325","$13.25","Category","6","false","29"
"10437","Nicotine patches step 3 - 7mg - 14 ct.","3900","$39.00","Category","6","false","43"
"10444","Anti embolism stocking inspection toe XL","1600","$16.00","Category","6","false","49"
"10448","Salonpas lidocaine plus cream 3 oz.","1575","$15.75","Category","6","false","32"
"10449","Prevail bariatric briefs with tabs 12 ct. waist size: 62 - 73 in.","1975","$19.75","Category","6","false","28"
"10454","Prevail bariatric briefs with tabs 10 ct. waist size up to 100 in.","2650","$26.50","Category","6","false","28"
"10455","Prevail super plus underwear 2XL 12 ct. waist size: 68 - 80 in.","1850","$18.50","Category","6","false","29"
"10457","Pain relief lidocaine patches 5 ct.","675","$6.75","Category","6","false","32"
"10458","Soft touch reusable hot/cold gel packs 2 ct.","550","$5.50","Category","6","false","27"
"10475","Wound seal topical powder 4 ct.","1425","$14.25","Category","6","false","35"
"10482","Wound seal + applicator 4 ct.","1700","$17.00","Category","6","false","35"
"10485","Incontinence A & D ointment 15 oz.","500","$5.00","Category","6","false","27"
"10487","Curad flexible assorted bandages 100 ct.","450","$4.50","Category","6","false","21"
"10488","Curad bandage variety pack 200 ct.","925","$9.25","Category","6","false","21"
"10494","Curad flexible fabric bandages 3/4 in. x 3 in. 30 ct.","225","$2.25","Category","6","false","21"
"10498","Prevail daily pant liners light- moderate size small 52 ct.","2000","$20.00","Category","6","false","28"
"10499","Underwear Style/Pull-Ups Incontinence Protection Category Item Limit: No Limit PROCare underwear medium 20 ct. waist size: 34 - 46 in.","1775","$17.75","Category","6","false","29"
"10500","PROCare underwear large 18 ct. waist size: 45 - 58 in.","1775","$17.75","Category","6","false","29"
"10501","PROCare underwear XL 14 ct. waist size: 58 - 68 in.","1775","$17.75","Category","6","false","29"
"10693","Therma-Kool reusable cold/hot pack 6 in. x 10 in. bagged","325","$3.25","Category","6","false","27"
"10709","Prevail air plus daily briefs with tabs 16 ct. medium: 26 – 48 in.","1250","$12.50","Category","6","false","28"
"10710","Pain Relief - TENS Units Stimulators must not be used in combination with the following medical devices: Pacemakers, Respirators, Electrocardiographs Category Item Limit: 1 Per Year Dual channel TENS pain relief device","4400","$44.00","Category","6","false","35"
"10717","Prevail air plus daily briefs with tabs 15 ct. XL: 58 – 70 in.","1750","$17.50","Category","6","false","28"
"10726","Prevail air plus large daily briefs with tabs 18 ct. large: 45 – 62 in.","1850","$18.50","Category","6","false","28"
"10734","Arthritis pain relieving gel 1% 3.53 oz.","1700","$17.00","Category","6","false","32"
"10736","Band-Aid sensitive skin assorted bandages 20 ct.","600","$6.00","Category","6","false","21"
"10747","Shingles gel 1 fl. oz.","2900","$29.00","Category","6","false","35"
"10754","Secure denture adhesive strips 15 ct.","1250","$12.50","Category","6","false","11"
"10800","Hand sanitizer with pump 8 oz.","550","$5.50","Category","6","false","38"
"10801","AccuRelief complete 3-in-1 pain relief device","6175","$61.75","Category","6","false","35"
"10809","Men’s black light support - XXL 15-20 mmhg","2300","$23.00","Category","6","false","49"
"10810","Unisex beige medium support - XXL 20-30 mmhg","3350","$33.50","Category","6","false","49"
"10811","Unisex beige firm support - XXL 30-40 mmhg","3350","$33.50","Category","6","false","49"
"10812","CoolMax Unisex white knee high sock XXL 8-15 mmhg","2200","$22.00","Category","6","false","50"
"10823","Absorbent Bed Pads Incontinence Protection Category Item Limit: No Limit Prevail under pads 25/bag","1700","$17.00","Category","6","false","29"
"10825","Aspercreme maximum strength 3 oz.","1275","$12.75","Category","6","false","32"
"10852","AccuRelief replacement pads 16 ct.","1900","$19.00","Category","6","false","35"
"10856","Male urinal","625","$6.25","Category","6","false","28"
"10857","Contoured bedpan","1325","$13.25","Category","6","false","27"
"10860","Bactine Max wound wash 8 oz.","1350","$13.50","Category","6","false","33"
"10866","Band-Aid plastic bandages 3/4 in. x 3 in. 60 ct.","450","$4.50","Category","6","false","21"
"10868","Regular strength stomach relief 8 oz.","450","$4.50","Category","6","false","46"
"10873","Lutein 20mg 30 ct.","1150","$11.50","Category","10","false","55"
"10883","PROCare plus underwear medium 25 ct.","1775","$17.75","Category","6","false","29"
"10884","PROCare plus underwear large 25 ct.","1775","$17.75","Category","6","false","29"
"10885","PROCare plus underwear XL 25 ct.","2100","$21.00","Category","6","false","29"
"10890","Flaxseed oil 1000mg 180 ct.","2475","$24.75","Category","10","false","55"
"10897","Folic Acid 1 MG (1000 mcg) 100 ct.","1025","$10.25","Category","10","false","55"
"10901","Dynarex zinc oxide","200","$2.00","Category","6","false","27"
"11089","Prevail adult washcloths 48 ct.","550","$5.50","Category","6","false","28"
"11640","A & D original ointment 1.5 oz.","600","$6.00","Category","6","false","27"
"11869","Glucoflex glucosamine & chondroitin caplets 60 ct.","1875","$18.75","Category","10","false","55"
"12001","Hand sanitizer 4 oz.","325","$3.25","Category","6","false","38"
"90128","Fixodent original 1.4 oz.","550","$5.50","Category","6","false","11"
"90240","Magnesium 500mg tablets 100 ct.","575","$5.75","Category","10","false","55"
"90245","Ferosul 5 iron tablets 100 ct.","275","$2.75","Category","10","false","55"
"90257","Multi-vitamin with iron 100 ct.","450","$4.50","Category","10","false","55"
"90471","Safetec first aid burn gel 4 oz.","475","$4.75","Category","6","false","35"
"90486","Polident overnight tablets 84 ct.","1150","$11.50","Category","6","false","11"
"90490","Poligrip super extra care 2.2 oz.","1000","$10.00","Category","6","false","11"
"90491","Poligrip super original 2.4 oz.","1000","$10.00","Category","6","false","11"
"90589","Laxative bisacodyl 25 ct.","275","$2.75","Category","6","false","46"
"90590","Gentle stool softener 25 ct.","400","$4.00","Category","6","false","46"
"90644","Senna laxative tablets 100 ct.","550","$5.50","Category","6","false","46"
"90649","Antacid & pain reliever 36 ct.","550","$5.50","Category","6","false","43"
"90655","Freshmint denture cleanser tablets 90 ct.","600","$6.00","Category","6","false","11"
"90657","Imodium liquid 4 fl. oz.","1000","$10.00","Category","6","false","46"
"90664","One a day mens 50plus advantage 65 ct.","1525","$15.25","Category","10","false","55"
"90883","Miralax OTC seven-dose 4.1 oz.","1275","$12.75","Category","6","false","46"
"90885","ThermaCare lower back & hip heatwraps 2 ct.","1250","$12.50","Category","6","false","27"
"90887","ThermaCare neck to arm heatwraps 3 ct.","1275","$12.75","Category","6","false","27"
"90889","Salonpas pain relieving hot-gel patch 6 ct.","1200","$12.00","Category","6","false","27"
"90900","Muscle rub ultra strength pain relieving cream 3 oz.","350","$3.50","Category","6","false","32"
"90901","Muscle & joint vanishing scent gel 3 oz.","325","$3.25","Category","6","false","32"
"90906","Freshmint denture cleanser tablets 40 ct.","325","$3.25","Category","6","false","11"
"90908","Freshmint denture adhesive 2.4 oz.","375","$3.75","Category","6","false","11"
"90918","Enema laxative adult 4.5 fl. oz.","250","$2.50","Category","6","false","46"
"90923","Pepto Bismol 4 fl. oz.","600","$6.00","Category","6","false","46"
"90932","Triple antibiotic ointment generic neosporin 1 oz.","575","$5.75","Category","6","false","35"
"90961","Daily one multivitamin for women 100 ct.","1225","$12.25","Category","10","false","55"
"90964","Fish oil 1000mg softgels 120 ct. - this product is not cholesterol free","1000","$10.00","Category","10","false","55"
"91043","Balmex adult cream 3 oz.","775","$7.75","Category","6","false","27"
"91048","Alka-Seltzer original foil tablets 36 ct.","950","$9.50","Category","6","false","43"
"91053","Ex-lax chocolate 24 ct.","900","$9.00","Category","6","false","46"
"91068","Stay dry reusable bed pad 34 x 36 in.","1925","$19.25","Category","6","false","29"
"91079","Polident overnight tablets 40 ct.","675","$6.75","Category","6","false","11"
"91088","Balmex zinc oxide cream 2 oz.","650","$6.50","Category","6","false","27"
"91091","Decolorized iodine 2 oz.","500","$5.00","Category","6","false","33"
"99035","Phillips stool softner 30 ct.","775","$7.75","Category","6","false","46"
"99047","Poligrip super spg free 2.4 oz.","1000","$10.00","Category","6","false","11"
"99049","Polident 3-minute tablets 40 ct.","675","$6.75","Category","6","false","11"
"99069","K 100mcg tablets 100 ct.","500","$5.00","Category","10","false","55"
"99094","Vitamin A & D ointment 4 oz.","225","$2.25","Category","6","false","28"
"99109","Fixodent free cream 2.4 oz.","1000","$10.00","Category","6","false","11"
"99110","Fixodent plus scope adhesive 2 oz.","1050","$10.50","Category","6","false","11"
"99161","Prevail bladder control pads maximum 48 ct.","1775","$17.75","Category","6","false","28"
"99162","Prevail bladder control pads moderate 20 ct.","775","$7.75","Category","6","false","28"
"99163","Prevail bladder control pads ultra thin 30 ct.","875","$8.75","Category","6","false","28"
"99164","Prevail male guard pads 14 ct.","725","$7.25","Category","6","false","28"
"99904","Wet Ones travel pack 20 wipes/pack fragrance free","300","$3.00","Category","6","false","33"
"99916","Nicotine lozenges 4mg - 72 ct.","5500","$55.00","Category","6","false","43"
"99917","Nicotine patch step 2 - 14mg - 7 ct.","3200","$32.00","Category","6","false","43"
"99918","Nicotine patch step 1 - 21mg - 7 ct.","2850","$28.50","Category","6","false","43"
"99919","Nicotine patch step 3 - 7mg - 7 ct.","2800","$28.00","Category","6","false","43"
"99935","Band-Aid hydro seal all purpose bandages 10 ct.","825","$8.25","Category","6","false","21"
"99936","Miralax 10 pack powder sachets","2800","$28.00","Category","6","false","46"
"99937","Arthritis Hot cream 3 oz.","575","$5.75","Category","6","false","32"
"99938","Off! active insect repellent 6 oz.","1100","$11.00","Category","6","false","35"
"00302","Vicks NyQuil cold & flu liquicaps 24 ct.","1600","$16.00","Cold & Flu","6","false","6"
"10401","Theraflu nighttime severe cough & cold 6 ct.","1200","$12.00","Cold & Flu","6","false","6"
"10618","Alka-Seltzer plus cold & cough liquid gels 16 ct.","1050","$10.50","Cold & Flu","6","false","6"
"10626","Sambucol cold & flu quick dissolve tablets 30 ct.","1700","$17.00","Cold & Flu","6","false","6"
"10631","No drip original Afrin 0.5 oz.","1750","$17.50","Cold & Flu","6","false","6"
"10663","Zicam cold remedy nasal swabs 20 ct.","1850","$18.50","Cold & Flu","6","false","6"
"10668","Zicam citrus rapid melts 25 ct.","1800","$18.00","Cold & Flu","6","false","6"
"10691","Mucinex fast-max cold, flu & sore throat 6 fl. oz.","2325","$23.25","Cold & Flu","6","false","6"
"10718","Cold-Eeze + defense lozenges honey lemon flavor 25 ct.","1775","$17.75","Cold & Flu","6","false","6"
"10864","DayTime Cold & Flu 24 ct.","575","$5.75","Cold & Flu","6","false","6"
"11952","Vicks DayQuil cold & flu liquicaps 24 ct.","1600","$16.00","Cold & Flu","6","false","6"
"90579","Effervescent cold relief tablets 20 ct.","575","$5.75","Cold & Flu","6","false","6"
"90639","NightTime cold-flu relief softgels 16 ct.","550","$5.50","Cold & Flu","6","false","6"
"90640","Saline nasal spray 1.5 oz.","300","$3.00","Cold & Flu","6","false","6"
"90897","Nasal decongestant spray Afrin 1 oz.","400","$4.00","Cold & Flu","6","false","6"
"10463","Vicks vapoinhaler menthol scent","900","$9.00","Cold & Flu Continued","6","false","7"
"10639","Mentholatum no-mess roll on 1.76 oz.","975","$9.75","Cold & Flu Continued","6","false","7"
"10756","Air-Immune vitamin C & Zinc lozenges 60 ct.","1050","$10.50","Cold & Flu Continued","6","false","8"
"10758","ResistanceC Vitamin C powder 14 stick packs","1050","$10.50","Cold & Flu Continued","6","false","8"
"10822","Menthol nasal inhaler","375","$3.75","Cold & Flu Continued","6","false","7"
"10875","Breathe Right nasal strips large 30 ct.","1850","$18.50","Cold & Flu Continued","6","false","7"
"11561","Mucinex DM tablets 20 ct.","2425","$24.25","Cold & Flu Continued","6","false","7"
"11575","Coricidin HBP liqui-gels 20 ct.","1150","$11.50","Cold & Flu Continued","6","false","7"
"11625","Vicks VapoRub 3.53 oz.","1400","$14.00","Cold & Flu Continued","6","false","7"
"90090","Cough/cold high blood pressure tablets 16 ct.","350","$3.50","Cold & Flu Continued","6","false","8"
"90444","Mentholatum ointment 1 oz. jar","475","$4.75","Cold & Flu Continued","6","false","7"
"90446","Tussin DM 4 fl. oz.","350","$3.50","Cold & Flu Continued","6","false","7"
"90516","Robitussin cough & chest sugar free 4 fl. oz.","1100","$11.00","Cold & Flu Continued","6","false","7"
"90553","Airborne original orange tablets 10 ct.","1075","$10.75","Cold & Flu Continued","6","false","8"
"90576","Mucus relief DM tablets 30 ct.","1100","$11.00","Cold & Flu Continued","6","false","7"
"90578","Tussin DM sugar free 4 fl. oz.","475","$4.75","Cold & Flu Continued","6","false","7"
"90895","Breathe Right nasal strips small/medium 30 ct.","1850","$18.50","Cold & Flu Continued","6","false","7"
"99065","Tylenol cold/flu severe caplets 24 ct.","1200","$12.00","Cold & Flu Continued","6","false","7"
"99093","Careall medicated chest rub 3.53 oz.","275","$2.75","Cold & Flu Continued","6","false","7"
"10730","Probiotic colon support capsules 30 ct.","1575","$15.75","Colon Support","6","false","8"
"10906","Phillips colon health daily probiotic","2200","$22.00","Colon Support","6","false","8"
"00112","Advocate blood pressure monitor XL 12.6 in. - 20.5 in.","3900","$39.00","Continued","10","false","58"
"00206","Pepcid complete cool mint chewable tablets 25 ct.","1950","$19.50","Continued","6","false","44"
"00294","B-12 1000mcg melts 100 ct.","1100","$11.00","Continued","10","false","56"
"00336","Tums chewy delights cherry 32 ct.","950","$9.50","Continued","6","false","45"
"00339","Calcium 500mg + D tablets 130 ct.","1500","$15.00","Continued","10","false","57"
"00349","Vitamin C 1000mg tablets 100 ct.","1950","$19.50","Continued","10","false","56"
"00350","Vitamin C chewables wafers 500mg 60 ct.","1350","$13.50","Continued","10","false","56"
"00358","Omron upper arm blood pressure monitor 9 in. - 17 in.","6450","$64.50","Continued","10","false","58"
"00360","Co Q10 100mg softgels 40 ct.","3450","$34.50","Continued","10","false","57"
"00361","Daily men/women maximum vitamin pack 30 ct.","2650","$26.50","Continued","10","false","56"
"10439","Omeprazole dissolving tablets 42 ct. strawberry flavor","2800","$28.00","Continued","6","false","44"
"10453","Salonpas lidocaine plus liquid roll on 3 fl. oz.","1575","$15.75","Continued","6","false","33"
"10462","Tiger Balm rub ultra .63 oz.","950","$9.50","Continued","6","false","33"
"10464","Tiger Balm pain relieving hydrogel patch large 4 ct.","925","$9.25","Continued","6","false","33"
"10465","Tiger Balm pain relieving patch 5 ct.","750","$7.50","Continued","6","false","33"
"10471","MegaRed omega 3 krill oil 500 mg 40 ct.","5075","$50.75","Continued","10","false","57"
"10520","Calcium citrate plus D3 tablets 60 ct.","825","$8.25","Continued","10","false","57"
"10623","Tums chewy bites assorted berry flavor 32 ct.","900","$9.00","Continued","6","false","45"
"10630","Pepcid complete on the go chewable tablets 8 ct.","925","$9.25","Continued","6","false","44"
"10636","Tiger Balm arthritis rub 4 oz.","1775","$17.75","Continued","6","false","33"
"10642","Biotin 10,000mcg 100 ct.","1400","$14.00","Continued","10","false","57"
"10664","Voltaren topical gel 1% 100 grams","2900","$29.00","Continued","6","false","33"
"10695","Disposable face masks 50 ct.","1600","$16.00","Continued","6","false","39"
"10720","Vitamin D3 5000 IU softgels 50 ct.","1225","$12.25","Continued","10","false","57"
"10737","Band-Aid antiseptic cleansing spray 8 fl oz.","1025","$10.25","Continued","6","false","34"
"10745","Quick dissolve vitamin B-12 1000mcg 100 ct.","925","$9.25","Continued","10","false","56"
"10746","Vitamin D 2000 IU 60 ct.","900","$9.00","Continued","10","false","57"
"10831","Talking blood pressure monitor 8.6 in. - 16.5 in.","5300","$53.00","Continued","10","false","58"
"10851","Diagnostic Equipment - Blood Pressure Monitors Item Limit: 1 Per Year 5 Series Omron upper arm blood pressure monitor 9 in. - 17 in.","8900","$89.00","Continued","10","false","58"
"10862","Viactive chocolate calcium chews 60 ct.","1350","$13.50","Continued","10","false","57"
"10878","Zinc 100mg 100 ct.","800","$8.00","Continued","10","false","58"
"10879","Vitamin E 1,000 IU softgels 450mg 50 ct.","900","$9.00","Continued","10","false","57"
"10881","Quercetin Complex 625mg 60 ct.","1625","$16.25","Continued","10","false","57"
"11861","Vitamin C-500 tablets 100 ct.","700","$7.00","Continued","10","false","56"
"11862","Vitamin E 400 IU dl-alpha softgels 90 ct.","925","$9.25","Continued","10","false","57"
"11863","Sustain release B-complex tablets 60 ct.","1100","$11.00","Continued","10","false","56"
"11864","Vitamin B-12 250mcg tablets 100 ct.","900","$9.00","Continued","10","false","56"
"90230","Calcium 600mg + D 200 IU tablets 60 ct.","350","$3.50","Continued","10","false","57"
"90237","Oyster shell 500mg plus D tablets 150 ct.","725","$7.25","Continued","10","false","57"
"90298","B-complex softgels 100 ct.","975","$9.75","Continued","10","false","56"
"90309","Vitamin D 10 mcg tablets 100 ct. equivalent to 400 IU","375","$3.75","Continued","10","false","56"
"90316","Vitamin E 100 IU dl-alpha softgels 100 ct.","475","$4.75","Continued","10","false","57"
"90327","Healthmate cuff digital blood pressure monitor 9 in. - 13 in.","4500","$45.00","Continued","10","false","58"
"90466","Tums 96 ct. (flavors vary)","950","$9.50","Continued","6","false","45"
"90577","Vitamin B-6 50mg tablets 100 ct.","475","$4.75","Continued","10","false","56"
"90648","Famotidine acid reducer tablets 10mg 30 ct.","825","$8.25","Continued","6","false","44"
"90663","One A Day womens 50plus advantage 65 ct.","1600","$16.00","Continued","10","false","56"
"90919","Generic tums 96 ct. (flavors vary)","500","$5.00","Continued","6","false","45"
"90982","Omeprazole 20mg tablets (generic prilosec) 28 ct.","2600","$26.00","Continued","6","false","44"
"90984","Lansoprazole -generic prevacid- 15mg tablets 14 ct.","1675","$16.75","Continued","6","false","44"
"91070","Omeprazole 20mg tablets (generic prilosec) 14 ct.","1575","$15.75","Continued","6","false","44"
"91075","Prilosec 20mg OTC tablets wildberry flavor 14 ct.","2000","$20.00","Continued","6","false","44"
"91083","Vitamin B-12 500mcg tablets 100 ct.","1225","$12.25","Continued","10","false","56"
"99033","One A Day proactive 65plus for men & women 150 ct.","1625","$16.25","Continued","10","false","56"
"99073","Vitamin D3 5000 IU softgels 100 ct.","2425","$24.25","Continued","10","false","57"
"99076","Potassium gluconate 595mg tablets 100 ct.","725","$7.25","Continued","10","false","56"
"99105","Prilosec 20mg OTC tablets 28 ct.","3200","$32.00","Continued","6","false","44"
"99144","Ultra strength antacid calcium chewable tablets (flavors vary) 72 ct.","475","$4.75","Continued","6","false","45"
"99154","Rolaids advanced antacid plus anti-gas chewable tablets 60 ct.","975","$9.75","Continued","6","false","44"
"99155","Rolaids softchews antacid 12 ct. (flavors vary)","475","$4.75","Continued","6","false","44"
"99156","Rolaids ultra antacid chewable tablets fruit 72 ct.","950","$9.50","Continued","6","false","44"
"10869","Sugar free honey lemon cough drops 25 ct.","225","$2.25","Cough Drops","6","false","9"
"11562","Chloraseptic lozenges - citrus 18 ct.","575","$5.75","Cough Drops","6","false","9"
"11571","Ricola drops 21 ct.","375","$3.75","Cough Drops","6","false","9"
"11584","Luden’s wild cherry throat drops 30 ct.","325","$3.25","Cough Drops","6","false","9"
"11591","Sucrets sore throat cherry lozenges 18 ct.","525","$5.25","Cough Drops","6","false","9"
"11601","Halls honey lemon cough drops 30 ct.","400","$4.00","Cough Drops","6","false","9"
"11703","Halls menthol-lyptus cough drops 30 ct.","400","$4.00","Cough Drops","6","false","9"
"90447","Ricola sugar free lemon mint drops 19 ct.","375","$3.75","Cough Drops","6","false","9"
"90912","Halls defense cough drops assorted sugar free citrus 25 ct.","425","$4.25","Cough Drops","6","false","9"
"90913","Halls defense cough drops assorted citrus 30 ct.","425","$4.25","Cough Drops","6","false","9"
"99054","Honey lemon cough drops 30 ct.","250","$2.50","Cough Drops","6","false","9"
"99083","Luden’s sugar free wild cherry cough drops 25 ct.","325","$3.25","Cough Drops","6","false","9"
"99939","Ricola cherry drops 45 ct.","800","$8.00","Cough Drops","6","false","9"
"00303","DenTek instant oral pain relief 50/applications","900","$9.00","Dental Care","6","false","10"
"10221","Anbesol maximum strength 0.33 oz.","1075","$10.75","Dental Care","6","false","10"
"10638","Red Cross canker sore pain relief medicine 0.25 oz.","750","$7.50","Dental Care","6","false","10"
"10666","Gum soft picks 50 ct.","450","$4.50","Dental Care","6","false","10"
"10673","Mint flosser with pick 90 ct.","275","$2.75","Dental Care","6","false","10"
"10816","Tongue cleaner","200","$2.00","Dental Care","6","false","10"
"90612","Freshmint wax mint dental floss 100 yds.","225","$2.25","Dental Care","6","false","10"
"90652","Floss waxed unflavored 100 yds.","250","$2.50","Dental Care","6","false","10"
"10657","Denture bath with basket","200","$2.00","Dental Care - Denture","6","false","10"
"90126","Oral-B denture brush twin head","375","$3.75","Dental Care - Denture","6","false","10"
"90909","Denture brush","50","$0.50","Dental Care - Denture","6","false","10"
"00304","Biotene dry mouth oral rinse 16 fl. oz.","1075","$10.75","Dental Care - Dry Mouth","6","false","12"
"00352","Interplak rechargable toothbrush","4800","$48.00","Dental Care - Dry Mouth","6","false","12"
"00370","Interplak toothbrush replacement heads 2 ct.","2475","$24.75","Dental Care - Dry Mouth","6","false","12"
"00438","Act total care dry mouth rinse mint 18 oz.","1125","$11.25","Dental Care - Dry Mouth","6","false","12"
"10224","Biotene moisturizing mouth spray 1.5 fl. oz.","1075","$10.75","Dental Care - Dry Mouth","6","false","12"
"10226","Act dry mouth lozenges 18 ct.","750","$7.50","Dental Care - Dry Mouth","6","false","12"
"10644","Biotene dry mouth lozenges 27 ct.","1100","$11.00","Dental Care - Dry Mouth","6","false","12"
"10645","Sonicare rechargable toothbrush","4600","$46.00","Dental Care - Dry Mouth","6","false","13"
"10646","Power adapter not included Sonicare replacement heads 3 ct.","5600","$56.00","Dental Care - Dry Mouth","6","false","13"
"10793","Pursonic USB Rechargeable toothbrush with 3 heads","4600","$46.00","Dental Care - Dry Mouth","6","false","12"
"10794","Power adapter not included Pursonic replacement heads set/3","1400","$14.00","Dental Care - Dry Mouth","6","false","12"
"10827","Water pik WP-360 jet tips set/2","1525","$15.25","Dental Care - Dry Mouth","6","false","12"
"10828","XyliMelts for dry mouth 40 ct. mint","1825","$18.25","Dental Care - Dry Mouth","6","false","12"
"10899","Dental Care - Toothbrush Electric Category Item Limit: 1 Brush, 2 Replacement Heads, and 1 Water Pik Per Year Cordless water pik","6800","$68.00","Dental Care - Dry Mouth","6","false","12"
"99149","Oral-B battery powered toothbrush","2075","$20.75","Dental Care - Dry Mouth","6","false","13"
"10476","Complete clean soft toothbrush","225","$2.25","Dental Care - Toothbrush","6","false","13"
"10481","Complete clean medium toothbrush","225","$2.25","Dental Care - Toothbrush","6","false","13"
"90910","Freshmint nylon toothbrush","50","$0.50","Dental Care - Toothbrush","6","false","13"
"99181","Colgate medium toothbrush","325","$3.25","Dental Care - Toothbrush","6","false","13"
"00305","Parodontax extra fresh toothpaste 3.4 oz.","1175","$11.75","Dental Care - Toothpaste","6","false","14"
"10466","Aim toothpaste 5.5 oz.","275","$2.75","Dental Care - Toothpaste","6","false","14"
"10509","Crest regular cavity protection toothpaste 4.2 oz.","425","$4.25","Dental Care - Toothpaste","6","false","14"
"10512","Close-up cinnamon flavored toothpaste 4 oz.","350","$3.50","Dental Care - Toothpaste","6","false","14"
"10616","Freshmint sensitive toothpaste 4.3 oz.","175","$1.75","Dental Care - Toothpaste","6","false","14"
"10732","Colgate total whitening toothpaste 3.3 oz.","900","$9.00","Dental Care - Toothpaste","6","false","14"
"10923","Crest gum detox deep clean 3.7oz.","1075","$10.75","Dental Care - Toothpaste","6","false","14"
"10924","Colgate toothpaste clean mint 5.1 oz.","950","$9.50","Dental Care - Toothpaste","6","false","14"
"90485","Sensodyne deep clean toothpaste 4 oz.","1175","$11.75","Dental Care - Toothpaste","6","false","14"
"90617","Pepsodent complete care toothpaste 5.5 oz.","250","$2.50","Dental Care - Toothpaste","6","false","14"
"90911","Freshmint anticavity toothpaste 4.6 oz.","175","$1.75","Dental Care - Toothpaste","6","false","14"
"99044","Aquafresh cavity protection toothpaste 5.6 oz.","450","$4.50","Dental Care - Toothpaste","6","false","14"
"99045","Biotene fresh mint toothpaste 4.3 oz.","1125","$11.25","Dental Care - Toothpaste","6","false","14"
"99147","Listerine essential care original gel toothpaste 4.2 oz.","800","$8.00","Dental Care - Toothpaste","6","false","14"
"00296","Glucose 4 gram tablets - orange flavor - 50 ct.","875","$8.75","Diabetic Supplies","6","false","16"
"10223","Gold Bond diabetic foot cream 3.4 oz.","1200","$12.00","Diabetic Supplies","6","false","16"
"10446","Glucose SOS instant dissolve powder 6 ct. fruit medley","1225","$12.25","Diabetic Supplies","6","false","16"
"10447","Diagnostic Equipment Category Item Limit: 1 Per Year Pulse oximeter","2700","$27.00","Diabetic Supplies","6","false","17"
"10460","Digital thermometer 9-second read","700","$7.00","Diabetic Supplies","6","false","16"
"10511","Digital thermometer","950","$9.50","Diabetic Supplies","6","false","16"
"10568","1 QT sharps container","375","$3.75","Diabetic Supplies","6","false","16"
"10611","Digital ear thermometer","3300","$33.00","Diabetic Supplies","6","false","16"
"10694","Non-contact infrared thermometer","7200","$72.00","Diabetic Supplies","6","false","16"
"10781","Hydration diabetic relief cream 8 oz.","2000","$20.00","Diabetic Supplies","6","false","16"
"10830","Talking pulse oximeter","5400","$54.00","Diabetic Supplies","6","false","17"
"99159","Diagnostic Equipment - Thermometers Category Item Limit: 1 Per Year Advocate non-contact thermometer speaks English/Spanish","4900","$49.00","Diabetic Supplies","6","false","16"
"99169","Handheld digital temple touch infrared probe thermometer","1775","$17.75","Diabetic Supplies","6","false","16"
"99170","Infrared forehead thermometer one second read","4900","$49.00","Diabetic Supplies","6","false","17"
"00174","large/XL","1275","$12.75","Diabetic Supplies - Socks","6","false","15"
"10617","King size XXL","1275","$12.75","Diabetic Supplies - Socks","6","false","15"
"10621","King size XXL","1275","$12.75","Diabetic Supplies - Socks","6","false","15"
"10672","large/XL","1275","$12.75","Diabetic Supplies - Socks","6","false","15"
"10824","Lipo Flavanoid 90 ct.","4100","$41.00","Ear Care","6","false","17"
"11655","Swim-ear ear drops 1 fl. oz.","700","$7.00","Ear Care","6","false","17"
"90641","Earwax removal kit 0.5 fl. oz.","550","$5.50","Ear Care","6","false","17"
"10514","Visine red eye hydrating comfort eye drops 0.5 fl. oz.","850","$8.50","Eye Care","6","false","18"
"10661","PreserVision chewables 60 ct.","3300","$33.00","Eye Care","6","false","18"
"10708","Systane complete dry eye relief 10ml","2200","$22.00","Eye Care","6","false","18"
"10738","Ocular vitamin tablets 60 ct.","575","$5.75","Eye Care","6","false","18"
"10804","PreserVision AREDS 2 Mini Softgels 120 ct.","4950","$49.50","Eye Care","6","false","18"
"10850","OcuHealth softgel vitamins 120 ct.","2200","$22.00","Eye Care","6","false","18"
"10900","Ocusoft lid wipes 30 ct.","2000","$20.00","Eye Care","6","false","18"
"11668","Stye eye ointment 0.125 oz.","1150","$11.50","Eye Care","6","false","18"
"90453","Eye drops original 0.5 fl. oz.","250","$2.50","Eye Care","6","false","18"
"90588","Sterile irritation eye drops 0.5 fl. oz.","300","$3.00","Eye Care","6","false","18"
"90917","Blink contacts lubricating eye drop 10ml","1075","$10.75","Eye Care","6","false","18"
"91045","Clear eyes triple action relief 0.5 fl. oz.","650","$6.50","Eye Care","6","false","18"
"91047","Visine A.C. seasonal itching 0.5 fl. oz.","725","$7.25","Eye Care","6","false","18"
"91080","Clear eyes itchy eye relief 0.5 fl. oz.","650","$6.50","Eye Care","6","false","18"
"99064","Visine eye allergy relief eye drops 0.5 fl. oz.","1075","$10.75","Eye Care","6","false","18"
"10893","Dry eye mask w/smart bead","2025","$20.25","Eye Care Continued","6","false","19"
"00226","Uristat ultra with cranberry UTI pain relief tablets 30 ct.","1150","$11.50","Feminine & UTI","6","false","19"
"10528","Urinary pain relief max strength tablets 24 ct.","575","$5.75","Feminine & UTI","6","false","19"
"10733","Menstrual relief caplets 24 ct.","400","$4.00","Feminine & UTI","6","false","19"
"91092","Monistat 7-day cream","1825","$18.25","Feminine & UTI","6","false","19"
"91101","Monistat chafing relief powder gel 1.5 oz.","1150","$11.50","Feminine & UTI","6","false","19"
"00359","Metamucil capsules 0.52 gram 100 ct.","2425","$24.25","Fiber Supplements","6","false","20"
"00830","Benefiber 38 servings","1575","$15.75","Fiber Supplements","6","false","20"
"10898","Metamucil fiber powder singles orange 30 ct.","2400","$24.00","Fiber Supplements","6","false","20"
"90575","Best Fiber powder sugar free 62 servings","1300","$13.00","Fiber Supplements","6","false","20"
"99021","Benefiber assorted sugar-free chewables 100 ct.","2100","$21.00","Fiber Supplements","6","false","20"
"10317","Band-Aid flexible fabric assorted bandages 30 ct.","575","$5.75","First Aid - Bandages","6","false","20"
"10319","Band-Aid flexible fabric bandages 3/4 in. x 3 in. 30 ct.","575","$5.75","First Aid - Bandages","6","false","20"
"10489","Band-Aid flexible fabric assorted bandages 100 ct.","1100","$11.00","First Aid - Bandages","6","false","20"
"10490","Band-Aid flexible fabric bandages 1 in. x 3 in. 100 ct.","1025","$10.25","First Aid - Bandages","6","false","20"
"10859","Bactine Max liquid bandage w/lidocaine 0.3 oz","775","$7.75","First Aid - Bandages","6","false","20"
"90876","Antibacterial sheer bandages assorted 20 ct.","325","$3.25","First Aid - Bandages","6","false","20"
"00010","Cohesive elastic bandage 3 in. x 5 yds.","325","$3.25","First Aid - Dressings & Gauze","6","false","22"
"07104","Krimptex bandage roll 4.5 in x 4.1 yds.","250","$2.50","First Aid - Dressings & Gauze","6","false","22"
"10676","Gauze pads 4 in. x 4 in. 100 ct.","2000","$20.00","First Aid - Dressings & Gauze","6","false","22"
"10882","Q-Tip cotton swabs 375 ct.","600","$6.00","First Aid - Dressings & Gauze","6","false","22"
"90773","Cotton balls 100% cotton 300 ct.","225","$2.25","First Aid - Dressings & Gauze","6","false","22"
"90891","Cotton swabs 300 ct.","300","$3.00","First Aid - Dressings & Gauze","6","false","22"
"91060","All-in-one finger dressing - 3 sterile dressings","450","$4.50","First Aid - Dressings & Gauze","6","false","22"
"99934","Band-Aid gauze pads 4 in. x 4 in. 25 ct.","1300","$13.00","First Aid - Dressings & Gauze","6","false","22"
"00035","Covered tape 1/2 in. x 5 yds.","225","$2.25","First Aid - Tape","6","false","22"
"00101","Waterproof tape 1 in. x 10 yds.","325","$3.25","First Aid - Tape","6","false","22"
"10039","Waterproof tri-cut tape 2 in. x 5 yds.","325","$3.25","First Aid - Tape","6","false","22"
"10739","All-purpose J & J 160 piece first aid kit","2875","$28.75","First Aid Kits","6","false","23"
"90457","Mini first aid kit","275","$2.75","First Aid Kits","6","false","23"
"99079","Curad 175-piece first aid kit","1600","$16.00","First Aid Kits","6","false","23"
"10425","Band-aid hydro seal extreme blister cushions 5 ct.","700","$7.00","Foot Care","6","false","23"
"10863","Anti-fungal athlete’s foot spray 5.3 oz.","800","$8.00","Foot Care","6","false","23"
"10891","All Gel bunion guard & spreader (osfm)","775","$7.75","Foot Care","6","false","23"
"90608","Corn & callus remover 0.3 fl. oz.","475","$4.75","Foot Care","6","false","23"
"90610","Clotrimazole cream usp 1% 1 oz.","275","$2.75","Foot Care","6","false","23"
"99158","Arm & hammer odor control foot powder 7 oz.","1025","$10.25","Foot Care","6","false","23"
"10655","Micatin antifungal cream 0.5 oz.","900","$9.00","Foot Care Continued","6","false","24"
"10749","Visco-gel toebuddy one size fits most","600","$6.00","Foot Care Continued","6","false","24"
"10892","Ribbed fabric gel corn pad 12 ct.","1200","$12.00","Foot Care Continued","6","false","24"
"10896","Lotrimin daily prevention foot powder 3 oz.","1375","$13.75","Foot Care Continued","6","false","24"
"90604","Moleskin plus 4/sheets","325","$3.25","Foot Care Continued","6","false","24"
"90605","Liquid wart remover .31 fl. oz.","525","$5.25","Foot Care Continued","6","false","24"
"90609","Corn cushions 9 ct.","225","$2.25","Foot Care Continued","6","false","24"
"90636","Toe separators 2 small; 2 medium; 2 large","700","$7.00","Foot Care Continued","6","false","24"
"90905","Tolnaftate antifungal cream 0.5 oz.","225","$2.25","Foot Care Continued","6","false","24"
"90943","Lotrimin spray 4.6 oz.","1275","$12.75","Foot Care Continued","6","false","24"
"99078","Compound w plantar pads 20 ct.","1300","$13.00","Foot Care Continued","6","false","24"
"10867","Hemorrhoidal wipes w/witch hazel 48 ct.","525","$5.25","Hemorrhoid","6","false","25"
"90139","Hemorrhoid relief ointment 2 oz.","525","$5.25","Hemorrhoid","6","false","25"
"90154","Hemorrhoidal suppositories 12 ct.","450","$4.50","Hemorrhoid","6","false","25"
"90651","Medicated pads 100 ct.","650","$6.50","Hemorrhoid","6","false","25"
"90940","Tucks medicated pads 40 ct.","825","$8.25","Hemorrhoid","6","false","25"
"99145","PreparationH suppositories 24 ct.","2450","$24.50","Hemorrhoid","6","false","25"
"99152","PreparationH totable wipes 10 ct.","650","$6.50","Hemorrhoid","6","false","25"
"99157","PreparationH cooling gel 0.9 oz.","1350","$13.50","Hemorrhoid","6","false","25"
"00245","One step pregnancy test 1 ct.","500","$5.00","Home Testing","6","false","25"
"00067","Instant heat pack 5 in. x 9 in.","150","$1.50","Hot & Cold Therapy","6","false","26"
"10053","Icy hot cream 1.25 oz.","675","$6.75","Hot & Cold Therapy","6","false","26"
"10089","Reusable ice bag medium 9 in.","775","$7.75","Hot & Cold Therapy","6","false","26"
"10103","Cooling eye reusable cold pack 2.5 in. x 5 in.","175","$1.75","Hot & Cold Therapy","6","false","26"
"10403","Combination hot water bottle w/enema system","1200","$12.00","Hot & Cold Therapy","6","false","26"
"10634","Air activated heat wrap back/hip 2 ct.","700","$7.00","Hot & Cold Therapy","6","false","26"
"10640","Air activated heat wrap neck/wrist/ shoulder 3 ct.","700","$7.00","Hot & Cold Therapy","6","false","26"
"10654","Reusable gel cold pack 10.5 in x 14.5 in.","1675","$16.75","Hot & Cold Therapy","6","false","26"
"10658","Migraine cooling mask","725","$7.25","Hot & Cold Therapy","6","false","26"
"10660","Reusable gel neck cold pack 23 in.","1875","$18.75","Hot & Cold Therapy","6","false","26"
"10671","Biofreeze roll on 2.5 oz.","1700","$17.00","Hot & Cold Therapy","6","false","26"
"10743","Grey therapeutic heating pad 12 in. x 15 in.","2275","$22.75","Hot & Cold Therapy","6","false","26"
"90122","Maximum strength pain relief liquid roll on 2.5 fl. oz.","750","$7.50","Hot & Cold Therapy","6","false","26"
"90459","Extra strength cold & hot therapy patch 5 ct.","575","$5.75","Hot & Cold Therapy","6","false","26"
"91030","Salonpas deep relieving gel 2.75 oz.","1200","$12.00","Hot & Cold Therapy","6","false","26"
"90145","Lactaid fast acting caplets 32 ct.","1350","$13.50","Lactose","6","false","30"
"99052","Dairy digestive fast acting caplets 60 ct.","1600","$16.00","Lactose","6","false","30"
"00247","Complete lice treatment kit Includes: •lice killing shampoo •nit combing gel •bedding spray","2175","$21.75","Lice","6","false","30"
"10421","Rid lice control spray 5 oz.","1125","$11.25","Lice","6","false","30"
"10829","Licefreee spray 6 oz.","1600","$16.00","Lice","6","false","30"
"10902","Nix 2-sided comb","700","$7.00","Lice","6","false","30"
"00325","Blistex medicated lip balm","300","$3.00","Lip Care","6","false","31"
"00326","Blistex medicated lip ointment","400","$4.00","Lip Care","6","false","31"
"10406","Neosporin lip overnight renewal 0.27 oz.","750","$7.50","Lip Care","6","false","31"
"10704","Medicated lip treatment 2 pack 7 grams each","300","$3.00","Lip Care","6","false","31"
"10748","Oleavicin lip balm with vitamin E","550","$5.50","Lip Care","6","false","31"
"11633","Campho-phenique cold sore treatment gel 0.23 oz.","750","$7.50","Lip Care","6","false","31"
"99043","Abreva oral care pump 2 grams","3000","$30.00","Lip Care","6","false","31"
"10662","Estroven extra strength caplets 28 ct.","3200","$32.00","Menopause Relief","6","false","31"
"10667","Estroven PM caplets 30 ct.","2325","$23.25","Menopause Relief","6","false","31"
"10653","Bonine motion sickness 16 ct.","1000","$10.00","Motion Sickness","6","false","32"
"90201","Dramamine tablets 12 ct.","775","$7.75","Motion Sickness","6","false","32"
"00065","Bacitracin ointment 1 oz.","250","$2.50","Ointments & Topicals","6","false","34"
"10057","Hydrocortisone cream 1% 1 oz.","250","$2.50","Ointments & Topicals","6","false","34"
"10752","Antifungal cream 1 oz.","475","$4.75","Ointments & Topicals","6","false","34"
"90095","Itch relief cream extra soothing 1 oz.","400","$4.00","Ointments & Topicals","6","false","34"
"90933","Calamine lotion 6 fl. oz.","350","$3.50","Ointments & Topicals","6","false","34"
"90935","Hydrocortisone 1% cream with aloe anti-itch maximum strength","350","$3.50","Ointments & Topicals","6","false","34"
"99056","Aveeno anti-itch lotion 4 oz.","1050","$10.50","Ointments & Topicals","6","false","34"
"99058","Benadryl extra itch cooling spray 2 oz.","950","$9.50","Ointments & Topicals","6","false","34"
"99100","Cortizone-10 cream 2 oz.","1275","$12.75","Ointments & Topicals","6","false","34"
"10619","Bayer aspirin tablets 325mg 200 ct.","2425","$24.25","Pain Relief","6","false","36"
"10625","Aleve back & muscle pain 220mg tablets 90 ct.","2650","$26.50","Pain Relief","6","false","36"
"10782","Aleve easy open cap 220mg caplets 90 ct.","1900","$19.00","Pain Relief","6","false","36"
"11704","Aleve easy open cap 220mg gelcaps 40 ct.","1400","$14.00","Pain Relief","6","false","36"
"90598","Aspirin 81mg chewable tablets orange 36 ct.","275","$2.75","Pain Relief","6","false","36"
"90601","Arthritis pain relief tablets apap 650mg 24 ct.","675","$6.75","Pain Relief","6","false","36"
"90658","Advil coated tablets 200mg 100 ct.","1900","$19.00","Pain Relief","6","false","36"
"90662","Bayer chewable aspirin tablets 81mg cherry 36 ct.","475","$4.75","Pain Relief","6","false","36"
"91065","Advil PM coated caplets 200mg 40 ct.","1425","$14.25","Pain Relief","6","false","36"
"99023","Aleve PM caplets 220mg 20 ct.","1025","$10.25","Pain Relief","6","false","36"
"99026","Bayer aspirin low dose tablets 81mg 120 ct.","1375","$13.75","Pain Relief","6","false","36"
"99027","Bayer aspirin tablets 325mg 100 ct.","1300","$13.00","Pain Relief","6","false","36"
"99097","Advil liqui-gels 200mg 80 ct.","2300","$23.00","Pain Relief","6","false","36"
"99098","Advil migraine liqui-gels 200mg 20 ct.","800","$8.00","Pain Relief","6","false","36"
"99117","Aleve liquid gels 220mg 80 ct.","2500","$25.00","Pain Relief","6","false","36"
"00372","Ecotrin tablets 325mg 125 ct.","1100","$11.00","Pain Relief Continued","6","false","37"
"10408","Tylenol 8 hour arthritis 650mg 24 ct.","850","$8.50","Pain Relief Continued","6","false","38"
"10416","Tylenol 8 hour arthritis 650mg 100 ct.","2175","$21.75","Pain Relief Continued","6","false","38"
"10620","Bayer extra strength 500mg caplets 100 ct.","1850","$18.50","Pain Relief Continued","6","false","37"
"10806","Non-aspirin extra strength acetaminophen 500mg 100 ct.","350","$3.50","Pain Relief Continued","6","false","38"
"11876","Low dose aspirin tablets 81mg 120 ct.","300","$3.00","Pain Relief Continued","6","false","37"
"90599","Non-aspirin acetaminophen 500mg apap 100 ct.","350","$3.50","Pain Relief Continued","6","false","37"
"90600","Ibuprofen IB caplets 200mg 100 ct.","375","$3.75","Pain Relief Continued","6","false","37"
"90602","Naproxen generic Aleve caplets 220mg 100 ct.","850","$8.50","Pain Relief Continued","6","false","37"
"90659","Motrin IB tablets 100 ct.","1750","$17.50","Pain Relief Continued","6","false","37"
"90902","Chewable aspirin 81mg tablets orange 36 ct.","200","$2.00","Pain Relief Continued","6","false","37"
"90903","Non-aspirin acetaminophen regular strength tablets 325mg 100 ct.","275","$2.75","Pain Relief Continued","6","false","37"
"90904","Non-aspirin acetaminophen PM caplets 500mg 50 ct.","275","$2.75","Pain Relief Continued","6","false","37"
"91057","St. Joseph low dose chewable aspirin 81mg 36 ct.","325","$3.25","Pain Relief Continued","6","false","38"
"91058","St. Joseph low dose aspirin micro tablets 81mg 120 ct.","875","$8.75","Pain Relief Continued","6","false","38"
"91074","Motrin IB tablets 200mg 50 ct.","1100","$11.00","Pain Relief Continued","6","false","37"
"99059","Tylenol extra strength caplets 500mg 100 ct.","1950","$19.50","Pain Relief Continued","6","false","38"
"99060","Tylenol extra strength caplets 500mg 24 ct.","700","$7.00","Pain Relief Continued","6","false","38"
"99061","Tylenol PM caplets 500mg 24 ct.","850","$8.50","Pain Relief Continued","6","false","38"
"99062","Tylenol regular strength tablets 325mg 100 ct.","1750","$17.50","Pain Relief Continued","6","false","38"
"99101","Excedrin extra strength 500mg caplets 100 ct.","2100","$21.00","Pain Relief Continued","6","false","37"
"99102","Excedrin migraine 500mg caplets 24 ct.","800","$8.00","Pain Relief Continued","6","false","37"
"99103","Motrin IB liquid gels 200mg 20 ct.","800","$8.00","Pain Relief Continued","6","false","37"
"99106","Extra strength acetaminophen 500mg tablets 50 ct.","400","$4.00","Pain Relief Continued","6","false","37"
"10008","Vinyl gloves - size small - 100 ct.","950","$9.50","PPE - Gloves","6","false","39"
"10009","Vinyl gloves - size medium - 100 ct.","950","$9.50","PPE - Gloves","6","false","39"
"10010","Vinyl gloves - size large - 100 ct.","950","$9.50","PPE - Gloves","6","false","39"
"10011","Vinyl gloves - size extra large - 100 ct.","950","$9.50","PPE - Gloves","6","false","39"
"10459","Respiratory Relief Category Item Limit: 1 Per Year Steam inhaler","4700","$47.00","PPE - Gloves","6","false","40"
"10633","Cool mist humidifier","5300","$53.00","PPE - Gloves","6","false","40"
"00330","Dermarest medicated psoriasis gel 4 fl. oz.","1125","$11.25","Skin Care","6","false","40"
"10472","Vaseline healing jelly 13 oz.","875","$8.75","Skin Care","6","false","40"
"10478","Johnson’s baby powder with aloe & vitamin E 15 oz.","825","$8.25","Skin Care","6","false","40"
"10615","Petroleum jelly 13 oz.","300","$3.00","Skin Care","6","false","40"
"10669","Epsom salt pouch 1 lb.","325","$3.25","Skin Care","6","false","40"
"10740","Neutrogena on-the-spot treatment 0.75 oz.","1300","$13.00","Skin Care","6","false","40"
"10870","Aveeno eczema therapy gel cream 5 oz.","2175","$21.75","Skin Care","6","false","40"
"90950","Aloe vera 16 oz.","775","$7.75","Skin Care","6","false","40"
"90951","Aloe with lidocaine gel 8 oz.","500","$5.00","Skin Care","6","false","40"
"10411","Coppertone sport sunscreen 30 SPF 7 oz.","1675","$16.75","Skin Care - Sunscreen","6","false","41"
"10412","Neutrogena sheer zinc sunscreen 50 SPF 3 oz.","1775","$17.75","Skin Care - Sunscreen","6","false","41"
"10428","Coppertone sport sunscreen 50 SPF 7 oz.","1775","$17.75","Skin Care - Sunscreen","6","false","41"
"10516","Banana Boat sport 30 SPF 3 oz.","625","$6.25","Skin Care - Sunscreen","6","false","41"
"10517","Banana Boat sport 50 SPF 8 oz.","1675","$16.75","Skin Care - Sunscreen","6","false","41"
"10817","Banana Boat ultra sport 30 SPF 8 oz.","1650","$16.50","Skin Care - Sunscreen","6","false","41"
"10922","Aveeno zinc oxide sunscreen SPF 30 3oz.","1750","$17.50","Skin Care - Sunscreen","6","false","41"
"90063","Sunscreen 50 SPF 8 oz.","950","$9.50","Skin Care - Sunscreen","6","false","41"
"10805","Scar gel 0.70 oz.","500","$5.00","Skin Care Continued","6","false","41"
"00316","Melatonin 3mg tablets 100 ct.","875","$8.75","Sleep Aid","6","false","42"
"00331","Melatonin 3mg tablets 120 ct.","1075","$10.75","Sleep Aid","6","false","42"
"10225","Unisom sleep gels 32 ct.","1725","$17.25","Sleep Aid","6","false","42"
"10505","Rest simply nighttime sleep-aid caplets 24 ct.","500","$5.00","Sleep Aid","6","false","42"
"10524","Zzzquil sleepaid liquicaps 24 ct.","1400","$14.00","Sleep Aid","6","false","42"
"10753","Extended relief melatonin 4mg tablets 90 ct.","1900","$19.00","Sleep Aid","6","false","42"
"90925","Sleep aid tablets -generic sominex- 32 ct.","350","$3.50","Sleep Aid","6","false","42"
"90927","Sleep aid tablets 16 ct. (generic unisom)","550","$5.50","Sleep Aid","6","false","42"
"99913","Nicotine gum 2mg - 40 ct.","3350","$33.50","Smoking Cessation","6","false","42"
"99914","Nicotine gum 4mg - 40 ct.","3450","$34.50","Smoking Cessation","6","false","42"
"99915","Nicotine lozenges 2mg - 72 ct.","5375","$53.75","Smoking Cessation","6","false","42"
"10480","Clearlax 8.3 fl. oz.","1400","$14.00","Stomach & Laxatives","6","false","45"
"10483","Clearlax 17.9 fl. oz.","2350","$23.50","Stomach & Laxatives","6","false","45"
"10504","Anti-diarrheal/anti-gas 2mg tablets 12 ct.","700","$7.00","Stomach & Laxatives","6","false","45"
"10858","Emetrol chewable rapid nausea relief 42 ct.","1300","$13.00","Stomach & Laxatives","6","false","45"
"11824","Beano tablets 30 ct.","825","$8.25","Stomach & Laxatives","6","false","45"
"90120","Anti-diarrheal caplets 2mg 24 ct.","525","$5.25","Stomach & Laxatives","6","false","45"
"10007","Adjustable ankle support","1600","$16.00","Supports - Ankle","6","false","51"
"10921","Double Strap Ankle Support XXL","1400","$14.00","Supports - Ankle","6","false","51"
"10889","Hot/Cold lumbar back brace 30 in. - 48 in. abdomen","4000","$40.00","Supports - Back","6","false","47"
"90209","Mueller back brace adjustable 28 in. - 50 in. waist","2800","$28.00","Supports - Back","6","false","47"
"90210","Mueller back brace lumbar universal fits 28 in. - 50 in. waist","3600","$36.00","Supports - Back","6","false","47"
"10507","Dimensions: 10½ x 9 in. Weight Loss - Kitchen Scales Category Item Limit: 2 Per Year Digital kitchen food scale - stainless","2650","$26.50","Supports - Cushions","6","false","54"
"10521","Premium stainless steel food scale","3275","$32.75","Supports - Cushions","6","false","54"
"10678","1 Per Year Key turner","1600","$16.00","Supports - Cushions","6","false","53"
"10679","1 Per Year Auto drop eye drop guide","1025","$10.25","Supports - Cushions","6","false","52"
"10680","Wholecare For You 31-day pill organizer","925","$9.25","Supports - Cushions","6","false","52"
"10682","1 Per Year Bath sponge with rigid handles","725","$7.25","Supports - Cushions","6","false","52"
"10683","2 Per Year Sock Horse sock aid","1450","$14.50","Supports - Cushions","6","false","53"
"10686","1 Per Year Bariatric wide formed sock aid with foam handgrips","1825","$18.25","Supports - Cushions","6","false","52"
"10688","1 Per Year Bottle & pill bottle opener","1350","$13.50","Supports - Cushions","6","false","52"
"10698","2 Per Year Diabetic patient necklace","1500","$15.00","Supports - Cushions","6","false","52"
"10699","1 Per Year Heart patient necklace","1500","$15.00","Supports - Cushions","6","false","53"
"10700","1 Per Year Jar opener","1775","$17.75","Supports - Cushions","6","false","53"
"10742","Wholecare For You Continued Pill cutter","275","$2.75","Supports - Cushions","6","false","53"
"10744","Lumbar cushion 12.75 in. x 13.75 in. x 7.45 in.","2600","$26.00","Supports - Cushions","6","false","52"
"10750","1 Per Quarter Pill crusher","400","$4.00","Supports - Cushions","6","false","53"
"10792","Diagnostic Equipment - Scales Category Item Limit: 1 Per Year Health-O-Meter professional digital scale capacity 440 lbs.","6900","$69.00","Supports - Cushions","6","false","54"
"10808","1 Per Year Button hook/zipper pull","950","$9.50","Supports - Cushions","6","false","52"
"10819","Dimensions: 11¾ x 11¾ in. Mechanical floor scale capacity 330 lbs.","5875","$58.75","Supports - Cushions","6","false","54"
"10832","Dimensions: 13 x 13 in. Talking bath scale capacity 438 lbs.","3700","$37.00","Supports - Cushions","6","false","54"
"10833","Dimensions: 11¾ x 11¾ in. Digital bath scale capacity 438 lbs.","2600","$26.00","Supports - Cushions","6","false","54"
"10853","Foam donut cushion 2.75 in. x 12.5 in. x 16 in.","1575","$15.75","Supports - Cushions","6","false","52"
"10854","1 Per Year Desktop pill organizer","675","$6.75","Supports - Cushions","6","false","52"
"10855","1 Per Year Soft grip folding cane","2475","$24.75","Supports - Cushions","6","false","53"
"10872","1 Per Year Lotion applicator","475","$4.75","Supports - Cushions","6","false","53"
"10894","1 Per Year Blue Ranger shoulder pulley w/strap","1525","$15.25","Supports - Cushions","6","false","52"
"10895","1 Per Year RangeMaster stretch straps","1650","$16.50","Supports - Cushions","6","false","53"
"10903","Memory foam Coccyx cushion with removable cover 3 in. x 16 in. x 18 in.","3400","$34.00","Supports - Cushions","6","false","52"
"10904","2 Per Year Locking pill bottle","1500","$15.00","Supports - Cushions","6","false","53"
"10659","Adjustable arm sling","1250","$12.50","Supports - Elbow","6","false","47"
"10731","Tennis elbow support large 12 in. – 14 in.","1775","$17.75","Supports - Elbow","6","false","47"
"10790","Neoprene elbow support one size fits all","2050","$20.50","Supports - Elbow","6","false","47"
"90626","Procare elastic elbow support large 10 in. - 11.5 in. contains latex","750","$7.50","Supports - Elbow","6","false","47"
"90627","Procare elastic elbow support small 8 in. - 9 in. contains latex","750","$7.50","Supports - Elbow","6","false","47"
"90628","Procare elastic elbow support XL 11.5 in. - 13 in. contains latex","750","$7.50","Supports - Elbow","6","false","47"
"10916","Knee sleeve with open patella large 20.5 in. - 23 in.","2400","$24.00","Supports - Knee","6","false","48"
"90625","Procare knee support extra large 23 in. - 25.5 in.","700","$7.00","Supports - Knee","6","false","48"
"99084","DJ orthopedics reddie brace 2 XL 25.5 in. - 28 in.","5500","$55.00","Supports - Knee","6","false","48"
"10888","Elastic wrist support with loop","950","$9.50","Supports - Wrist","6","false","51"
"91095","Adjustable wrist support unisize","1150","$11.50","Supports - Wrist","6","false","51"