itemCode,name,currentCategory
"00112","Advocate blood pressure monitor XL 12.6 in. - 20.5 in.","unknown"
"00206","Pepcid complete cool mint chewable tablets 25 ct.","unknown"
"00294","B-12 1000mcg melts 100 ct.","unknown"
"00339","Calcium 500mg + D tablets 130 ct.","unknown"
"00349","Vitamin C 1000mg tablets 100 ct.","unknown"
"00350","Vitamin C chewables wafers 500mg 60 ct.","unknown"
"00358","Omron upper arm blood pressure monitor 9 in. - 17 in.","unknown"
"00360","Co Q10 100mg softgels 40 ct.","unknown"
"00361","Daily men/women maximum vitamin pack 30 ct.","unknown"
"10439","Omeprazole dissolving tablets 42 ct. strawberry flavor","unknown"
"10453","Salonpas lidocaine plus liquid roll on 3 fl. oz.","unknown"
"10462","Tiger Balm rub ultra .63 oz.","unknown"
"10464","Tiger Balm pain relieving hydrogel patch large 4 ct.","unknown"
"10465","Tiger Balm pain relieving patch 5 ct.","unknown"
"10520","Calcium citrate plus D3 tablets 60 ct.","unknown"
"10623","Tums chewy bites assorted berry flavor 32 ct.","unknown"
"10630","Pepcid complete on the go chewable tablets 8 ct.","unknown"
"10636","Tiger Balm arthritis rub 4 oz.","unknown"
"10642","Biotin 10,000mcg 100 ct.","unknown"
"10664","Voltaren topical gel 1% 100 grams","unknown"
"10695","Disposable face masks 50 ct.","unknown"
"10720","Vitamin D3 5000 IU softgels 50 ct.","unknown"
"10737","Band-Aid antiseptic cleansing spray 8 fl oz.","unknown"
"10745","Quick dissolve vitamin B-12 1000mcg 100 ct.","unknown"
"10746","Vitamin D 2000 IU 60 ct.","unknown"
"10831","Talking blood pressure monitor 8.6 in. - 16.5 in.","unknown"
"10851","Diagnostic Equipment - Blood Pressure Monitors 5 Series Omron upper arm blood pressure monitor 9 in. - 17 in.","unknown"
"10862","Viactive chocolate calcium chews 60 ct.","unknown"
"10878","Zinc 100mg 100 ct.","unknown"
"10879","Vitamin E 1,000 IU softgels 450mg 50 ct.","unknown"
"10881","Quercetin Complex 625mg 60 ct.","unknown"
"11862","Vitamin E 400 IU dl-alpha softgels 90 ct.","unknown"
"11863","Sustain release B-complex tablets 60 ct.","unknown"
"11864","Vitamin B-12 250mcg tablets 100 ct.","unknown"
"90237","Oyster shell 500mg plus D tablets 150 ct.","unknown"
"90298","B-complex softgels 100 ct.","unknown"
"90309","Vitamin D 10 mcg tablets 100 ct. equivalent to 400 IU","unknown"
"90316","Vitamin E 100 IU dl-alpha softgels 100 ct.","unknown"
"90466","Tums 96 ct. (flavors vary)","unknown"
"90577","Vitamin B-6 50mg tablets 100 ct.","unknown"
"90648","Famotidine acid reducer tablets 10mg 30 ct.","unknown"
"90663","One A Day womens 50plus advantage 65 ct.","unknown"
"90919","Generic tums 96 ct. (flavors vary)","unknown"
"90982","Omeprazole 20mg tablets (generic prilosec) 28 ct.","unknown"
"90984","Lansoprazole -generic prevacid- 15mg tablets 14 ct.","unknown"
"91070","Omeprazole 20mg tablets (generic prilosec) 14 ct.","unknown"
"91075","Prilosec 20mg OTC tablets wildberry flavor 14 ct.","unknown"
"91083","Vitamin B-12 500mcg tablets 100 ct.","unknown"
"99033","One A Day proactive 65plus for men & women 150 ct.","unknown"
"99073","Vitamin D3 5000 IU softgels 100 ct.","unknown"
"99076","Potassium gluconate 595mg tablets 100 ct.","unknown"
"99105","Prilosec 20mg OTC tablets 28 ct.","unknown"
"99144","Ultra strength antacid calcium chewable tablets (flavors vary) 72 ct.","unknown"
"99154","Rolaids advanced antacid plus anti-gas chewable tablets 60 ct.","unknown"
"10645","Sonicare rechargable toothbrush","unknown"
"10646","Power adapter not included Sonicare replacement heads 3 ct.","unknown"
"99149","Oral-B battery powered toothbrush","unknown"
"99170","Infrared forehead thermometer one second read","unknown"
"00336","Tums chewy delights cherry 32 ct.","unknown"
"10471","MegaRed omega 3 krill oil 500 mg 40 ct.","unknown"
"11861","Vitamin C-500 tablets 100 ct.","unknown"
"90230","Calcium 600mg + D 200 IU tablets 60 ct.","unknown"
"90327","Healthmate cuff digital blood pressure monitor 9 in. - 13 in.","unknown"
"99155","Rolaids softchews antacid 12 ct. (flavors vary)","unknown"
"99156","Rolaids ultra antacid chewable tablets fruit 72 ct.","unknown"