sku,name,brand,price_dollars,class,image_source,source_section,source_page
B008VT2NMK,Maxwell House The Original Roast Decaf Medium Roast Ground Coffee (29.3 oz Canister),Maxwell House,9.33,beverages,solutran-catalog,BEVERAGES,61
B0CXZ3HLYS,Maxwell House 28.4oz Ground Coffee Medium Wake Up Roast,Maxwell House,15.38,beverages,solutran-catalog,BEVERAGES,61
B01KL4HWWS,"365 by Whole Foods Market, Coffee Vienna Roast Pacific Rim Ground Organic, 24 Ounce",365 by Whole Foods Market,17.99,beverages,solutran-catalog,BEVERAGES,61
B00L5K3XGW,"Gold Peak Tea, Diet Tea, 16.9 fl oz, 6 Pack",Gold Peak Tea,8.29,beverages,solutran-catalog,BEVERAGES,61
B074H5LWG2,"365 by Whole Foods Market, Organic Whole Leaf Aloe Vera Juice, 128 Fl Oz",365 by Whole Foods,25.74,beverages,solutran-catalog,BEVERAGES,61
B074H7K3GX,"365 by Whole Foods Market, Organic Cranberry Juice, 32 Fl Oz 61",365 by Whole Foods,7.09,beverages,solutran-catalog,BEVERAGES,61
B074HDZ338,"365 by Whole Foods Market, Organic 100% Juice, Flavored Juice Blend from Concentrate, Oran",365 by Whole Foods,3.19,breakfast-grains,solutran-catalog,BREAKFAST,62
B0019K981W,"Horizon Organic Shelf-Stable 1% Lowfat Milk Boxes, Vanilla, 8 Fl Oz, 12 Pack",Horizon,12.53,breakfast-grains,solutran-catalog,BREAKFAST,62
B00PGXQ68Q,"Silk Shelf-Stable Almond Milk, Unsweetened Vanilla, Dairy-Free, Vegan, Non-GMO Project Ver",Silk,11.36,breakfast-grains,solutran-catalog,BREAKFAST,62
B08X6H61LG,"Honey Nut Cheerios Heart Healthy Breakfast Cereal, Gluten Free Cereal With Whole Grain Oat",Honey Nut Cheerios,7.29,breakfast-grains,solutran-catalog,BREAKFAST,62
B097ZDGNKZ,"Honey Bunches of Oats Almond, Heart Healthy, Low Fat, made with Whole Grain Cereal, 12 Oun",Honey Bunches of Oats $4.69,,breakfast-grains,solutran-catalog,BREAKFAST,62
B081TDZ179,"Kellogg’s Corn Flakes Breakfast Cereal, Kids Cereal, Family Breakfast, Giant Size, Origina",Kellogg’s,8.54,breakfast-grains,solutran-catalog,BREAKFAST,62
B08ZZV51GN,"Quaker Instant Grits, 4 Flavor Variety Pack, 0.98oz Packets, 44 Count (Pack of 1)",Quaker,9.90,breakfast-grains,solutran-catalog,BREAKFAST,63
B000RA8E56,"Cream of Wheat Stove Top Hot Cereal, Original, 2 1/2 Minute Cook Time, 28 Ounce",Cream of Wheat,6.14,breakfast-grains,solutran-catalog,BREAKFAST,63
B01KMHY4KM,"Quaker Instant Oatmeal, 4 Flavor Variety Pack, Individual Packets, 48 Count",Quaker,15.28,breakfast-grains,solutran-catalog,BREAKFAST,63
B07P8M5ZRM,"Amazon Brand - Happy Belly Instant Oatmeal, Apple & Cinnamon, Maple & Brown Sugar, 30.33 o",Amazon Brand,3.69,breakfast-grains,solutran-catalog,BREAKFAST,63
B07NSYSVJZ,"365 by Whole Foods Market, Granola French Vanilla Almond Organic, 17 Ounce",365 by Whole Foods,5.29,breakfast-grains,solutran-catalog,BREAKFAST,63
B074H6MBQR,"365 by Whole Foods Market, Organic Granola Oat And Honey, 17 Ounce 63",365 by Whole Foods,5.29,breakfast-grains,solutran-catalog,BREAKFAST,63
B00CMQD3VS,"Nate’s 100% Pure, Raw & Unfiltered Honey - Award-Winning Taste, 32oz. Squeeze Bottle",Nate’s 100% Pure,17.39,pantry-staples,solutran-catalog,CONDIMENTS,64
B00FZHE4M8,"Smucker’s Natural Strawberry Fruit Spread, 17.25 Ounce",Smucker’s,4.39,pantry-staples,solutran-catalog,CONDIMENTS,64
B07L4K78X9,"Peter Pan Natural Creamy Peanut Butter Spread, 40 OZ",Peter Pan,12.21,pantry-staples,solutran-catalog,CONDIMENTS,64
B009GFW8C8,Heinz Tomato Ketchup (38 oz Bottle),Heinz,5.51,pantry-staples,solutran-catalog,CONDIMENTS,64
B00ZW546K8,Hellmann’s Real Mayonnaise Real Mayo Squeeze Bottle For a Rich Creamy Condiment Gluten Fre,Hellmann’s,5.99,pantry-staples,solutran-catalog,CONDIMENTS,64
B0005YWMFW,"French’s Honey Mustard, 12 oz 64",French’s,3.42,pantry-staples,solutran-catalog,CONDIMENTS,64
B000WG65W4,"French’s Classic Yellow Mustard, 20 oz",French’s,2.00,pantry-staples,solutran-catalog,FRUITS & VEGETABLES,65
B000R30QUO,"Hidden Valley Ranch Dressing & Dipping Sauce, Ranch Dressing and Pizza Topping, Gluten Fre",Hidden Valley Ranch,6.30,pantry-staples,solutran-catalog,FRUITS & VEGETABLES,65
B003XLOOCS,"Heinz Tomato Ketchup, Relish, and Mustard Picnic Pack, 3 Count FRUITS & VEGETABLES",Heinz,5.98,pantry-staples,solutran-catalog,FRUITS & VEGETABLES,65
B01EOW6OK4,"Mott’s Applesauce, 4 Oz Cups, 18 Count, No Artificial Flavors, Good Source Of Vitamin C, N",Mott’s,7.48,pantry-staples,solutran-catalog,FRUITS & VEGETABLES,65
B003Z6W6B2,"Dole Fruit Bowls Low Fat Apples & Creme Parfait Snacks, 4oz 24 Total Cups, Gluten & Dairy",Dole,21.20,pantry-staples,solutran-catalog,FRUITS & VEGETABLES,65
B00VZ3NJHM,"Dole Fruit Bowls Snacks Cherry Mixed Fruit in 100% Juice Snacks, 4oz 12 Total Cups, Gluten",Dole,8.25,pantry-staples,solutran-catalog,FRUITS & VEGETABLES,65
B0891XC8GY,"Del Monte FRUIT CUP Snacks, Family Pack, No Sugar Added, 12-Pack, 4 oz Variety Pack",Del Monte,9.45,pantry-staples,solutran-catalog,FRUITS & VEGETABLES,66
B07FSYJS52,"DEL MONTE Diced Peaches FRUIT CUP Snacks in 100% Fruit Juice, 12 Pack, 4 oz",DEL MONTE,8.49,pantry-staples,solutran-catalog,FRUITS & VEGETABLES,66
B01MDOXOUU,"Dole Fruit Bowls Mandarin Oranges in 100% Juice Snacks, 4oz 12 Total Cups, Gluten & Dairy",Dole,6.29,pantry-staples,solutran-catalog,FRUITS & VEGETABLES,66
B0829QQLPB,"and Cinnamon Variety Pack $17.43 Bare Baked Crunchy, Apples Fuji & Reds and Cinnamon","Bare Baked Crunchy, Apples Fuji & Reds",,pantry-staples,solutran-catalog,FRUITS & VEGETABLES,66
B01NBFUWTP,Bush’s Best 16 oz Original Baked Beans (Pack of 12),Bush’s Best,23.98,pantry-staples,solutran-catalog,FRUITS & VEGETABLES,66
B078SZSKYJ,"Del Monte Canned Diced Tomatoes, 14.5 Ounce (Pack of 12) 66",Del Monte,27.37,pantry-staples,solutran-catalog,FRUITS & VEGETABLES,66
B01IR6JF90,"Barilla Penne Pasta & Spaghetti Pasta Variety Pack, 16 oz. Boxes (Pack of 8) - Non-GMO Pas",Barilla,14.72,pantry-staples,solutran-catalog,MEALS & SIDES,67
B000R30KSW,"Prego Traditional Pasta Sauce, 24 Oz Jar",Prego,3.09,pantry-staples,solutran-catalog,MEALS & SIDES,67
B003M0ZDAM,"Kraft Original Macaroni & Cheese Dinner (4 ct Pack, 7.25 oz Boxes)",Kraft,5.09,pantry-staples,solutran-catalog,MEALS & SIDES,67
B000R2Z2N6,"Campbell’s Chunky Soup, Healthy Request Chicken Noodle Soup, 18.6 Oz Can",Campbell’s,3.09,pantry-staples,solutran-catalog,MEALS & SIDES,67
B07BZPHFST,"Progresso Light, Creamy Chicken Noodle Canned Soup, 18.5 oz.",Progresso Light,2.69,pantry-staples,solutran-catalog,MEALS & SIDES,67
B09PPRNQX6,"BEN’S ORIGINAL Ready Rice Basmati and Jasmine Rice Variety Pack, Easy Dinner Sides, 8.5 OZ",BEN’S ORIGINAL,13.19,pantry-staples,solutran-catalog,MEALS & SIDES,67
B07GPHFDVS,SEEDS OF CHANGE Organic Rice Variety Pack Quinoa and Brown Rice with Garlic & Quinoa Brown,SEEDS OF CHANGE,14.77,nutrition-shakes,solutran-catalog,NUTRITIONAL DRINKS,68
B001EQ5S2E,"Wild Planet Ready-to-Eat Wild Tuna, Bean & Corn Salad with Organic Sweetcorn, Red Peppers",Wild Planet,15.98,nutrition-shakes,solutran-catalog,NUTRITIONAL DRINKS,68
B0CHXRKKB2,"Wild Planet Ready-To-Eat Wild Tuna Quinoa Salad With Organic Sweetcorn, Zucchini & Peas, T",Wild Planet,20.00,nutrition-shakes,solutran-catalog,NUTRITIONAL DRINKS,68
B0015068TG,"Atkins Creamy Vanilla Protein Shake, 15g Protein, Low Glycemic, 2g Net Carb, 1g Sugar, Ket",Atkins,18.59,nutrition-shakes,solutran-catalog,NUTRITIONAL DRINKS,68
B08GLMT52Z,"Atkins Iced Coffee Vanilla Latte Protein Shake, 15g Protein, Low Glycemic, 4g Net Carb, 1g",Atkins,16.77,nutrition-shakes,solutran-catalog,NUTRITIONAL DRINKS,68
B0015068PA,"Atkins Milk Chocolate Delight Protein Shake, 15g Protein, Low Glycemic, 2g Net Carb, 1g Su",Atkins,19.48,nutrition-shakes,solutran-catalog,NUTRITIONAL DRINKS,68
B09BBY5GPD,"Atkins Strawberry Protein Shake, 15g Protein, Low Glycemic, 2g Net Carb, 1g Sugar, Keto Fr",Atkins,15.13,nutrition-shakes,solutran-catalog,NUTRITIONAL DRINKS,69
B07MJL8NXR,"Premier Protein Shake, Chocolate, 30g Protein 1g Sugar 24 Vitamins Minerals Nutrients to S",Premier Protein,25.76,nutrition-shakes,solutran-catalog,NUTRITIONAL DRINKS,69
B07ZP4FZNF,"Premier Protein Shake, Bananas & Cream, 30g Protein, 1g Sugar, 24 Vitamins & Minerals, Nut",Premier Protein,30.24,nutrition-shakes,solutran-catalog,NUTRITIONAL DRINKS,69
B088JCWFY7,"SPLENDA Diabetes Care Shakes - Meal Replacement Shake, French Vanilla, 8 Fl Oz (Pack of 24",SPLENDA,36.26,nutrition-shakes,solutran-catalog,NUTRITIONAL DRINKS,69
B08979TNHY,"SPLENDA Diabetes Care Shakes - Meal Replacement Shake, 8 Fluid Ounces Per Bottle (Milk Cho",SPLENDA,9.94,nutrition-shakes,solutran-catalog,NUTRITIONAL DRINKS,69
B0BW4VS7S5,"Pedialyte with Immune Support Electrolyte Solution, Cherry Punch, Hydration Drink with Zin",Pedialyte,23.84,nutrition-shakes,solutran-catalog,NUTRITIONAL DRINKS,69
B08NBF5VCH,"Nature Valley Crunchy Granola Bars, Oats ‘n Honey, 1.49 oz, 24 ct, 48 bars",Nature Valley,10.88,healthy-snacks,solutran-catalog,ON-THE-GO,70
B00Z4ZAMPE,"Nature Valley Soft-Baked Oatmeal Squares, Cinnamon Brown Sugar, 12 ct, 14.88 OZ",Nature Valley,4.99,healthy-snacks,solutran-catalog,ON-THE-GO,70
B075MJ5D32,"Fiber One Chewy Bars, Oats & Chocolate, Fiber Snacks, Mega Pack, 15 ct",Fiber One,11.64,healthy-snacks,solutran-catalog,ON-THE-GO,70
B074V3VNX2,"365 by Whole Foods Market, Organic Roasted Unsalted Almonds, 10 Ounce",365 by Whole Foods,8.79,healthy-snacks,solutran-catalog,ON-THE-GO,70
B00GJ82VK4,"Pure Protein Bars, High Protein, Nutritious Snacks to Support Energy, Low Sugar, Gluten Fr",Pure Protein,15.76,healthy-snacks,solutran-catalog,ON-THE-GO,70
B01NAEPDZQ,"Fisher Snack Honey Roasted Mixed Nuts with Peanuts, 24 Ounces, Peanuts, Cashews, Almonds",Fisher,11.99,healthy-snacks,solutran-catalog,ON-THE-GO,70
B07VQPPDKN,"Orchard Valley Harvest Omega-3 Mix, 1 Ounce Bags (Pack of 15), Walnuts, Cranberries, Almon",Orchard Valley,11.37,pantry-staples,solutran-catalog,PROTEIN,71
B004HZFASG,"Wonderful Pistachios No Shells, Roasted & Salted Nuts, 24 Ounce Resealable Bag, Good Sourc",Wonderful,13.98,pantry-staples,solutran-catalog,PROTEIN,71
B004M15U12,"PLANTERS Deluxe Salted Whole Cashews, Party Snacks, Plant-Based Protein, Quick Snack for A",PLANTERS,13.14,pantry-staples,solutran-catalog,PROTEIN,71
B01LYCY3YF,"Swanson White Premium Chunk Canned Chicken Breast in Water, Fully Cooked Chicken, 12.5 OZ",Swanson,5.17,pantry-staples,solutran-catalog,PROTEIN,71
B07BZ4KQ1T,"StarKist Chicken Creations, Chicken Salad, 2.6 oz Pouch (Pack of 12)",StarKist,14.99,pantry-staples,solutran-catalog,PROTEIN,71
B005U7EGSA,"Chicken of the Sea Chub Mackerel Wild Caught, High in Calcium, 15-Ounce Can (Pack of 1) 71",Chicken of the Sea,0.98,pantry-staples,solutran-catalog,PROTEIN,71
B00418U69M,"King Oscar Brisling Sardines in Extra Virgin Olive Oil, 3.75-Ounce Cans (Pack of 4)",King Oscar,12.11,pantry-staples,solutran-catalog,PROTEIN,72
B07J5T163J,"Bumble Bee Smoke Flavored Red Coho Salmon Fillets in Oil, 3.75 oz (Pack of 1) - 19g Protei",Bumble Bee,2.82,pantry-staples,solutran-catalog,PROTEIN,72
B00NVK20DQ,"Wild Planet Wild Pink Salmon, Canned Salmon, Sustainably Wild-Caught, Non-GMO, Kosher 6 Ou",Wild Planet,8.99,pantry-staples,solutran-catalog,PROTEIN,72
B00E3QNEGY,"Bumble Bee Chunk White Albacore Tuna in Water, 5 oz Can (Pack of 4) - Wild Caught Tuna - 2",Bumble Bee,5.98,pantry-staples,solutran-catalog,PROTEIN,72
B00FWUO2IE,"StarKist Chunk Light Tuna in Water, 5 oz (8 Pack) Canned Tuna Fish, Wild Caught, Gluten Fr",StarKist,6.87,pantry-staples,solutran-catalog,PROTEIN,72
B000FIR2N0,"Spam Hot & Spicy, 12 Ounce Can 72",Spam,4.19,pantry-staples,solutran-catalog,PROTEIN,72
