sku,description,pkg,price,compareTo,section,page,medlineBrand,rawLine
"1005","Bath Safety Equipment Medline Rubber Bath Mat Durable, heavyweight natural rubber with slip-resistant suction cups. Machine washable. White. 13.4” x 29”.","1 Ct","$15.00","","Mobility","17","true","Bath Safety Equipment Medline Rubber Bath Mat Durable, heavyweight natural rubber with slip-resistant suction cups. Machine washable. White. 13.4” x 29”. 1 Ct 1005 $15.00"
"1012","Medline Cetirizine Allergy Relief Tablets 10 mg 24-hour relief. Compare to the active ingredient in Zyrtec.","90 Ct","$10.00","","Allergy & Sinus","11","true","Medline Cetirizine Allergy Relief Tablets 10 mg 24-hour relief. Compare to the active ingredient in Zyrtec. 90 Ct 1012 $10.00"
"1013","Loratadine 24-Hr Non-Drowsy Allergy Tablets 10 mg Helps relieve sneezing, itchy eyes. Compare to the active ingredient in Claritin.","30 Ct","$5.00","","Allergy & Sinus","12","false","Loratadine 24-Hr Non-Drowsy Allergy Tablets 10 mg Helps relieve sneezing, itchy eyes. Compare to the active ingredient in Claritin. 30 Ct 1013 $5.00"
"1015","Fexofenadine 24-Hour Allergy Relief Tablets 180 mg Non-drowsy. Compare to the active ingredient in Allegra Allergy.","30 Ct","$18.00","","Allergy & Sinus","11","false","Fexofenadine 24-Hour Allergy Relief Tablets 180 mg Non-drowsy. Compare to the active ingredient in Allegra Allergy. 30 Ct 1015 $18.00"
"1018","GoodSense Cold Max Day/Night Cold Relief Caplets Multi-symptom relief. 12 daytime caplets/8 nighttime caplets.","20 Ct","$10.00","","Allergy & Sinus","13","false","GoodSense Cold Max Day/Night Cold Relief Caplets Multi-symptom relief. 12 daytime caplets/8 nighttime caplets. 20 Ct 1018 $10.00"
"1020","GoodSense Cough Drops 5.8 mg menthol. Cherry flavor. Compare to the active ingredient in Halls.","30 Ct","$5.00","","Allergy & Sinus","13","false","GoodSense Cough Drops 5.8 mg menthol. Cherry flavor. Compare to the active ingredient in Halls. 30 Ct 1020 $5.00"
"1024","Fluticasone Propionate Nasal Spray 50 mcg Non-drowsy 24-hour relief. Compare to the active ngredient in Flonase. 120 metered doses. i","1 Ct","$20.00","","Allergy & Sinus","12","false","Fluticasone Propionate Nasal Spray 50 mcg Non-drowsy 24-hour relief. Compare to the active ngredient in Flonase. 120 metered doses. i 1 Ct 1024 $20.00"
"1026","Cough, Cold & Flu Medicated Chest Rub 3.53 oz. Compare to the active ingredients in Vicks VapoRub.","3.5 Oz","$5.00","","Allergy & Sinus","12","false","Cough, Cold & Flu Medicated Chest Rub 3.53 oz. Compare to the active ingredients in Vicks VapoRub. 3.5 Oz 1026 $5.00"
"1028","Guaifenesin Mucus Relief Tablets 400 mg Helps thin and loosen mucus and relieve chest congestion.","100 Ct","$9.00","","Allergy & Sinus","13","false","Guaifenesin Mucus Relief Tablets 400 mg Helps thin and loosen mucus and relieve chest congestion. 100 Ct 1028 $9.00"
"1030","Dr. Sheffield’s 12Hr Nasal Decongestant Spray 1oz. 0.05% oxymetazoline. Compare to the active ingredient in Afrin.","1 Ct","$5.00","","Allergy & Sinus","12","false","Dr. Sheffield’s 12Hr Nasal Decongestant Spray 1oz. 0.05% oxymetazoline. Compare to the active ingredient in Afrin. 1 Ct 1030 $5.00"
"1033","Reliable-1 Saline Nasal Spray 3 oz. Compare to the active ingredient in Ocean.","3 Oz","$5.00","","Allergy & Sinus","12","false","Reliable-1 Saline Nasal Spray 3 oz. Compare to the active ingredient in Ocean. 3 Oz 1033 $5.00"
"1034","GoodSense Sore Throat Lozenges Compare to the active ingredients in Cepacol. Cherry flavor.","18 Ct","$5.00","","Allergy & Sinus","13","false","GoodSense Sore Throat Lozenges Compare to the active ingredients in Cepacol. Cherry flavor. 18 Ct 1034 $5.00"
"1035","Ear Care Dr. Sheffield’s Ear Wax Removal Drops 15 mL 6.5% carbamide peroxide solution. Compare to the active ingredient in Debrox.","1 Ct","$5.00","","Personal Care","20","false","Ear Care Dr. Sheffield’s Ear Wax Removal Drops 15 mL 6.5% carbamide peroxide solution. Compare to the active ingredient in Debrox. 1 Ct 1035 $5.00"
"1041","Hot & Cold Therapies Medline Accu-Therm Reusable Hot/Cold Gel Pack Microwave for hot therapy, freeze for cold therapy. Stays pliable and soft. 5” x 10”.","1 Ct","$5.00","","Daily Living Aids","28","true","Hot & Cold Therapies Medline Accu-Therm Reusable Hot/Cold Gel Pack Microwave for hot therapy, freeze for cold therapy. Stays pliable and soft. 5” x 10”. 1 Ct 1041 $5.00"
"1043","CURAD Plastic Waterproof Bandages Tight 4-sided seal keeps out germs. 1” x 3”.","100 Ct","$5.00","","Bandages","6","false","CURAD Plastic Waterproof Bandages Tight 4-sided seal keeps out germs. 1” x 3”. 100 Ct 1043 $5.00"
"1044","Medline Isopropyl Alcohol Prep Pads Medium pad saturated with 70% isopropyl alcohol. 1.125” x 2.375”.","200 Ct","$5.00","","Antibiotics & Antiseptics","6","true","Medline Isopropyl Alcohol Prep Pads Medium pad saturated with 70% isopropyl alcohol. 1.125” x 2.375”. 200 Ct 1044 $5.00"
"1046","Medi-First Antiseptic Spray 2 oz. Helps prevent infection. 0.1% benzalkonium chloride, 5.0% benzocaine.","2 Oz","$8.00","","Antibiotics & Antiseptics","6","false","Medi-First Antiseptic Spray 2 oz. Helps prevent infection. 0.1% benzalkonium chloride, 5.0% benzocaine. 2 Oz 1046 $8.00"
"1048","Repellents Ben’s DEET Tick and Insect Repellent 3.4 oz. Water-based formula with 30% DEET for tick and mosquito protection.","3.4 Oz","$10.00","","Oral Care","25","false","Repellents Ben’s DEET Tick and Insect Repellent 3.4 oz. Water-based formula with 30% DEET for tick and mosquito protection. 3.4 Oz 1048 $10.00"
"1051","Cotton Balls & Swabs Medline Nonsterile Cotton Balls Highly absorbent, 100% bleached cotton 1-inch balls.","200 Ct","$5.00","","Personal Care","20","true","Cotton Balls & Swabs Medline Nonsterile Cotton Balls Highly absorbent, 100% bleached cotton 1-inch balls. 200 Ct 1051 $5.00"
"1057","CURAD FlexSEAL Spray Bandage 1.35 oz. Water-resistant transparent film seals out germs.","1.35 Oz","$10.00","","Bandages","7","false","CURAD FlexSEAL Spray Bandage 1.35 oz. Water-resistant transparent film seals out germs. 1.35 Oz 1057 $10.00"
"1059","CURAD Hydrocortisone Anti-Itch Cream 1 oz. Helps reduce eczema, psoriasis and other skin condition symptoms.","1 Oz","$5.00","","Allergy & Sinus","12","false","CURAD Hydrocortisone Anti-Itch Cream 1 oz. Helps reduce eczema, psoriasis and other skin condition symptoms. 1 Oz 1059 $5.00"
"1060","CURAD Silicone Flex Fabric Bandages Holds tight yet gentle enough for sensitive or delicate skin. 0.75” x 3”.","20 Ct","$5.00","","Bandages","7","false","CURAD Silicone Flex Fabric Bandages Holds tight yet gentle enough for sensitive or delicate skin. 0.75” x 3”. 20 Ct 1060 $5.00"
"1063","CURAD QuickStop! Flex-Fabric Bandages Helps stop minor bleeding fast. 0.75” x 2.83”.","30 Ct","$5.00","","Bandages","7","false","CURAD QuickStop! Flex-Fabric Bandages Helps stop minor bleeding fast. 0.75” x 2.83”. 30 Ct 1063 $5.00"
"1067","GoodSense Epsom Salt 16 oz. Use in bath to help relax muscles. Unscented.","1 Ct","$5.00","","Skin Care + Hair Care","25","false","GoodSense Epsom Salt 16 oz. Use in bath to help relax muscles. Unscented. 1 Ct 1067 $5.00"
"1071","Medline Spectrum Advanced Hand Sanitizer Wipes 70% ethyl alcohol to sanitize hands plus aloe and vitamin E to soothe skin. Fragrance-free. 6” x 6.75”.","160 Ct","$10.00","","Foot Care","22","true","Medline Spectrum Advanced Hand Sanitizer Wipes 70% ethyl alcohol to sanitize hands plus aloe and vitamin E to soothe skin. Fragrance-free. 6” x 6.75”. 160 Ct 1071 $10.00"
"1073","Medline 70% Isopropyl Alcohol 16 oz. Topical first aid essential.","16 Oz","$3.00","","Antibiotics & Antiseptics","6","true","Medline 70% Isopropyl Alcohol 16 oz. Topical first aid essential. 16 Oz 1073 $3.00"
"1076","CareAll Petroleum Jelly 13 oz. Moisturizes rough, dry, chapped skin.","13 Oz","$5.00","","Skin Care + Hair Care","26","false","CareAll Petroleum Jelly 13 oz. Moisturizes rough, dry, chapped skin. 13 Oz 1076 $5.00"
"1083","CURAD Triple Antibiotic Ointment 1 oz. Helps promote healing in minor cuts, scrapes, burns.","1 Oz","$6.00","","Antibiotics & Antiseptics","6","false","CURAD Triple Antibiotic Ointment 1 oz. Helps promote healing in minor cuts, scrapes, burns. 1 Oz 1083 $6.00"
"1087","Measuring Devices Conair Digital Food Scale Sleek, glass top design with large LCD. 11 lb. capacity.","1 Ct","$25.00","","Home Diagnostics","8","false","Measuring Devices Conair Digital Food Scale Sleek, glass top design with large LCD. 11 lb. capacity. 1 Ct 1087 $25.00"
"1089","Medline Oral Digital Thermometer Results in 30 seconds. One-piece, snap-on protective cover.","1 Ct","$5.50","","Home Diagnostics","8","true","Medline Oral Digital Thermometer Results in 30 seconds. One-piece, snap-on protective cover. 1 Ct 1089 $5.50"
"1099","Blood Pressure & Accessories Medline Digital Blood Pressure Monitor Stores 90 measurements for 2 users. Universal cuff (8.7”- 16.5” arm circumference), AC power adapter and batteries.","1 Ct","$40.00","","Home Diagnostics","8","true","Blood Pressure & Accessories Medline Digital Blood Pressure Monitor Stores 90 measurements for 2 users. Universal cuff (8.7”- 16.5” arm circumference), AC power adapter and batteries. 1 Ct 1099 $40.00"
"1100","Thermometers & Accessories Medline Infrared Talking Ear/Forehead Thermometer Reading in just 1 second. Results in your choice of 6 languages.","1 Ct","$25.00","","Home Diagnostics","8","true","Thermometers & Accessories Medline Infrared Talking Ear/Forehead Thermometer Reading in just 1 second. Results in your choice of 6 languages. 1 Ct 1100 $25.00"
"1103","Medline FitRight Aloe Personal Wipes Gentle aloe-based formula. Standard weight. 8” x 10”. Scented.","100 Ct","$5.00","","Sunscreens","27","true","Medline FitRight Aloe Personal Wipes Gentle aloe-based formula. Standard weight. 8” x 10”. Scented. 100 Ct 1103 $5.00"
"1112","Medline FitRight OptiFit Ultra Disposable Briefs Cloth-like diaper with skin-safe tabs. Ultra absorbency. L (44”-56” waist).","20 Ct","$20.00","","Briefs","10","true","Medline FitRight OptiFit Ultra Disposable Briefs Cloth-like diaper with skin-safe tabs. Ultra absorbency. L (44”-56” waist). 20 Ct 1112 $20.00"
"1113","Medline FitRight OptiFit Ultra Disposable Briefs Cloth-like diaper with skin-safe tabs. Ultra absorbency. M (32”-44” waist).","20 Ct","$20.00","","Briefs","10","true","Medline FitRight OptiFit Ultra Disposable Briefs Cloth-like diaper with skin-safe tabs. Ultra absorbency. M (32”-44” waist). 20 Ct 1113 $20.00"
"1114","Medline FitRight OptiFit Ultra Disposable Briefs Cloth-like diaper with skin-safe tabs. Ultra absorbency. XL (56”-64” waist).","20 Ct","$20.00","","Briefs","10","true","Medline FitRight OptiFit Ultra Disposable Briefs Cloth-like diaper with skin-safe tabs. Ultra absorbency. XL (56”-64” waist). 20 Ct 1114 $20.00"
"1119","Medline Pro Plus Best Polymer Underpads Disposable, all-purpose pad with absorbent SAP polymer core. 23” x 36”.","10 Ct","$5.00","","Underpads","11","true","Medline Pro Plus Best Polymer Underpads Disposable, all-purpose pad with absorbent SAP polymer core. 23” x 36”. 10 Ct 1119 $5.00"
"1132","Medicated Treatments CURAD Mediplast Wart Remover Pad Helps remove warts, corns, calluses. 40% salicylic acid. 2” x 3”.","1 Ct","$2.00","","Allergy & Sinus","14","false","Medicated Treatments CURAD Mediplast Wart Remover Pad Helps remove warts, corns, calluses. 40% salicylic acid. 2” x 3”. 1 Ct 1132 $2.00"
"1143","Anti-Fungal & Anti-Itch Dr. Sheffield Antifungal Cream 1.25 oz. Compare to the active ingredient in Tinactin.","1.25 Oz","$5.00","","Allergy & Sinus","12","false","Anti-Fungal & Anti-Itch Dr. Sheffield Antifungal Cream 1.25 oz. Compare to the active ingredient in Tinactin. 1.25 Oz 1143 $5.00"
"1151","Colgate 360 Sonic Replacement Brush Heads Deep reach design with soft bristles.","2 Ct","$10.00","","Oral Care","24","false","Colgate 360 Sonic Replacement Brush Heads Deep reach design with soft bristles. 2 Ct 1151 $10.00"
"1152","Medtech Oral BrushPicks Safely and gently removes plaque and food stuck in teeth.","275 Ct","$6.00","","Oral Care","23","false","Medtech Oral BrushPicks Safely and gently removes plaque and food stuck in teeth. 275 Ct 1152 $6.00"
"1154","Freshmint Waxed Dental Floss 100 yd. Waxed to slip more easily through teeth. Mint flavor.","1 Ct","$3.00","","Oral Care","23","false","Freshmint Waxed Dental Floss 100 yd. Waxed to slip more easily through teeth. Mint flavor. 1 Ct 1154 $3.00"
"1155","Effervescent Denture Cleanser Tablets Compare to the active ingredient in Efferdent.","90 Ct","$8.00","","Oral Care","23","false","Effervescent Denture Cleanser Tablets Compare to the active ingredient in Efferdent. 90 Ct 1155 $8.00"
"1157","GoodSense Mint Flossers Slides easily between teeth for one-handed flossing.","90 Ct","$5.00","","Oral Care","23","false","GoodSense Mint Flossers Slides easily between teeth for one-handed flossing. 90 Ct 1157 $5.00"
"1158","Lip Balms & Treatments GoodSense Medicated Lip Balm Treatment Palm-sized tin fits easily in your pocket. Pack of 2.","2 Ct","$5.00","","Foot Care","22","false","Lip Balms & Treatments GoodSense Medicated Lip Balm Treatment Palm-sized tin fits easily in your pocket. Pack of 2. 2 Ct 1158 $5.00"
"1161","Pepsodent Complete Care Toothpaste 5.5 oz. Enamel strengthening, helps whiten teeth. Original flavor.","1 Ct","$5.00","","Oral Care","24","false","Pepsodent Complete Care Toothpaste 5.5 oz. Enamel strengthening, helps whiten teeth. Original flavor. 1 Ct 1161 $5.00"
"1162","Super Poligrip Denture Adhesive Cream 2.4 oz. Strong all-day hold. Zinc-free original formula.","1 Ct","$13.00","","Oral Care","23","false","Super Poligrip Denture Adhesive Cream 2.4 oz. Strong all-day hold. Zinc-free original formula. 1 Ct 1162 $13.00"
"1163","Medline Super Soft Adult Toothbrush Soft bristles are gentle on teeth and gums. Contoured handle. Wrapped.","1 Ct","$2.00","","Oral Care","23","true","Medline Super Soft Adult Toothbrush Soft bristles are gentle on teeth and gums. Contoured handle. Wrapped. 1 Ct 1163 $2.00"
"1187","Aspercreme Lidocaine Pain Relief Cream 2.7 oz. Numbs away pain. Non-greasy formula rubs in easily.","2.7 Oz","$15.00","","Pain & Fever Relief","15","false","Aspercreme Lidocaine Pain Relief Cream 2.7 oz. Numbs away pain. Non-greasy formula rubs in easily. 2.7 Oz 1187 $15.00"
"1190","Medline Low-Dose Enteric Aspirin Tablets 81 mg Coated for easier swallowing. Compare to the active ingredient in Bayer Low Dose.","120 Ct","$5.00","","Pain & Fever Relief","15","true","Medline Low-Dose Enteric Aspirin Tablets 81 mg Coated for easier swallowing. Compare to the active ingredient in Bayer Low Dose. 120 Ct 1190 $5.00"
"1191","Low-Dose Enteric-Coated Aspirin Tablets 81 mg Compare to the active ingredient in Bayer Low Dose Aspirin.","300 Ct","$10.00","","Pain & Fever Relief","14","false","Low-Dose Enteric-Coated Aspirin Tablets 81 mg Compare to the active ingredient in Bayer Low Dose Aspirin. 300 Ct 1191 $10.00"
"1192","Capsaicin Analgesic Pain Relief Cream 2.1 oz. Penetrates skin to provide targeted arthritis, muscle, joint pain relief.","2.1 Oz","$10.00","","Pain & Fever Relief","15","false","Capsaicin Analgesic Pain Relief Cream 2.1 oz. Penetrates skin to provide targeted arthritis, muscle, joint pain relief. 2.1 Oz 1192 $10.00"
"1195","GoodSense Hemorrhoid Ointment 2 oz. Compare to the active ingredients in Preparation H Hemorrhoidal Ointment.","1 Ct","$5.00","","Pain & Fever Relief","15","false","GoodSense Hemorrhoid Ointment 2 oz. Compare to the active ingredients in Preparation H Hemorrhoidal Ointment. 1 Ct 1195 $5.00"
"1202","Miconazole Nitrate 2% 7-Day Vaginal Cream Compare to the active ingredients in Monistat 7.","1 Ct","$10.00","","Eye Care","21","false","Miconazole Nitrate 2% 7-Day Vaginal Cream Compare to the active ingredients in Monistat 7. 1 Ct 1202 $10.00"
"1205","Medline Naproxen Sodium Tablets 220 mg Relief for up to 12 hours. Compare to the active ingredient in Aleve.","100 Ct","$10.00","","Pain & Fever Relief","15","true","Medline Naproxen Sodium Tablets 220 mg Relief for up to 12 hours. Compare to the active ingredient in Aleve. 100 Ct 1205 $10.00"
"1207","Medline Extra Strength Pain Relief Tablets 250 mg acetaminophen, 250 mg aspirin plus 65 mg caffeine.","100 Ct","$10.00","","Pain & Fever Relief","15","true","Medline Extra Strength Pain Relief Tablets 250 mg acetaminophen, 250 mg aspirin plus 65 mg caffeine. 100 Ct 1207 $10.00"
"1217","Geri-Lanta Antacid & Antigas Liquid 12 oz. Compare to the active ingredients in Regular Strength Mylanta.","1 Ct","$15.00","","Stomach Remedies","16","false","Geri-Lanta Antacid & Antigas Liquid 12 oz. Compare to the active ingredients in Regular Strength Mylanta. 1 Ct 1217 $15.00"
"1218","Reg Strength Alkum Antacid Chewable Tablets 500 mg Compare to the active ingredients in Tums. Assorted fruit flavors.","150 Ct","$5.00","","Stomach Remedies","16","false","Reg Strength Alkum Antacid Chewable Tablets 500 mg Compare to the active ingredients in Tums. Assorted fruit flavors. 150 Ct 1218 $5.00"
"1222","Ultra Calcium Carbonate Antacid Soft Chews 1177 mg Fast-acting relief of heartburn, sour stomach, acid indigestion. Cherry flavor.","1 Ct","$10.00","","Stomach Remedies","17","false","Ultra Calcium Carbonate Antacid Soft Chews 1177 mg Fast-acting relief of heartburn, sour stomach, acid indigestion. Cherry flavor. 1 Ct 1222 $10.00"
"1234","Medline Senna Natural Laxative Tablets 8.6 mg Compare to the active ingredients in Senokot.","100 Ct","$5.00","","Stomach Remedies","17","true","Medline Senna Natural Laxative Tablets 8.6 mg Compare to the active ingredients in Senokot. 100 Ct 1234 $5.00"
"1240","Docusate Sodium Stool Softener Softgels 100 mg Compare to the active ingredients in Colace regular strength stool softener.","100 Ct","$5.00","","Stomach Remedies","17","false","Docusate Sodium Stool Softener Softgels 100 mg Compare to the active ingredients in Colace regular strength stool softener. 100 Ct 1240 $5.00"
"1245","Medline Remedy Miconazole Antifungal Powder 3 oz. Helps relieve itching and burning. Light vanilla scent.","3 Oz","$10.00","","Allergy & Sinus","12","true","Medline Remedy Miconazole Antifungal Powder 3 oz. Helps relieve itching and burning. Light vanilla scent. 3 Oz 1245 $10.00"
"1246","Medline Remedy Clinical Skin Cream 8 oz. Hydrates for 24 hours with no greasy residue. Vanilla scent.","8 Oz","$5.00","","Skin Care + Hair Care","25","true","Medline Remedy Clinical Skin Cream 8 oz. Hydrates for 24 hours with no greasy residue. Vanilla scent. 8 Oz 1246 $5.00"
"1247","Medline Remedy Specialized Skin Cream 4 oz. All-over body cream with 1.5% dimethicone. Scented.","4 Oz","$14.00","","Skin Care + Hair Care","25","true","Medline Remedy Specialized Skin Cream 4 oz. All-over body cream with 1.5% dimethicone. Scented. 4 Oz 1247 $14.00"
"1250","Medline Remedy Essentials Body Lotion 8 oz. Rubs in easily with no greasy feel. Fresh scent.","8 Oz","$5.00","","Skin Care + Hair Care","25","true","Medline Remedy Essentials Body Lotion 8 oz. Rubs in easily with no greasy feel. Fresh scent. 8 Oz 1250 $5.00"
"1251","MyDerm Aloe Gel Lidocaine Pain Reliever 8 oz. Cooling sunburn, insect bite and minor burn relief.","1 Ct","$5.00","","Sunscreens","26","false","MyDerm Aloe Gel Lidocaine Pain Reliever 8 oz. Cooling sunburn, insect bite and minor burn relief. 1 Ct 1251 $5.00"
"1252","Solar Screen SPF 30 Ultra Sunscreen Lotion 8 oz. Compare to the active ingredients in Coppertone Ultra Guard Sunscreen Lotion.","8 Oz","$10.00","","Sunscreens","26","false","Solar Screen SPF 30 Ultra Sunscreen Lotion 8 oz. Compare to the active ingredients in Coppertone Ultra Guard Sunscreen Lotion. 8 Oz 1252 $10.00"
"1261","21st Century Sentry Senior Multivitamin Mineral Tablets Formula with antioxidants for active adults 55+. Compare to the active ingredients in Centrum Silver.","100 Ct","$10.00","","Daily Living Aids","31","false","21st Century Sentry Senior Multivitamin Mineral Tablets Formula with antioxidants for active adults 55+. Compare to the active ingredients in Centrum Silver. 100 Ct 1261 $10.00"
"1265","Vitamins & Supplements Antioxidants Medline Coenzyme Q10 Softgels 100 mg Contains soy.","30 Ct","$10.00","","Daily Living Aids","29","true","Vitamins & Supplements Antioxidants Medline Coenzyme Q10 Softgels 100 mg Contains soy. 30 Ct 1265 $10.00"
"1267","Healthy Eyes Multivitamin Mineral Lutein Tablets Compare to the active ingredients in Ocuvite with Lutein.","60 Ct","$10.00","","Daily Living Aids","31","false","Healthy Eyes Multivitamin Mineral Lutein Tablets Compare to the active ingredients in Ocuvite with Lutein. 60 Ct 1267 $10.00"
"1269","Ferrous Sulfate Iron Tablets 325 mg Each tablet provides 65 mg elemental iron from 325 mg ferrous sulfate.","100 Ct","$6.00","","Daily Living Aids","31","false","Ferrous Sulfate Iron Tablets 325 mg Each tablet provides 65 mg elemental iron from 325 mg ferrous sulfate. 100 Ct 1269 $6.00"
"1275","PlusPharma Melatonin Tablets 5 mg Dietary supplement.","30 Ct","$5.00","","Daily Living Aids","32","false","PlusPharma Melatonin Tablets 5 mg Dietary supplement. 30 Ct 1275 $5.00"
"1276","Multivitamins Sentry Multivitamin & Mineral Tablets Compare to the active ingredients in Centrum Adults.","130 Ct","$10.00","","Daily Living Aids","31","false","Multivitamins Sentry Multivitamin & Mineral Tablets Compare to the active ingredients in Centrum Adults. 130 Ct 1276 $10.00"
"1291","Vitamin B12 Tablets 500 mcg With 54 mg calcium and 42 mg phosphorous.","100 Ct","$10.00","","Daily Living Aids","30","false","Vitamin B12 Tablets 500 mcg With 54 mg calcium and 42 mg phosphorous. 100 Ct 1291 $10.00"
"1295","21st Century Vitamin D3 Tablets 50 mcg Gluten-free.","250 Ct","$10.00","","Daily Living Aids","30","false","21st Century Vitamin D3 Tablets 50 mcg Gluten-free. 250 Ct 1295 $10.00"
"1297","GeriCare Vitamin E Softgels 180 mg Dietary supplement. 180 mg (400 IU).","100 Ct","$10.00","","Daily Living Aids","30","false","GeriCare Vitamin E Softgels 180 mg Dietary supplement. 180 mg (400 IU). 100 Ct 1297 $10.00"
"1411","Medline FitRight ActivEdge Guards for Men Extra protection where a man needs it. Max absorbency. 5.9” x 12.6”.","52 Ct","$15.00","","Bladder Pads","9","true","Medline FitRight ActivEdge Guards for Men Extra protection where a man needs it. Max absorbency. 5.9” x 12.6”. 52 Ct 1411 $15.00"
"1412","Medline FitRight ActivEdge Bladder Pads Contoured shape with fabric-like backsheet. Light absorbency. 3.5” x 9”.","20 Ct","$5.00","","Bladder Pads","9","true","Medline FitRight ActivEdge Bladder Pads Contoured shape with fabric-like backsheet. Light absorbency. 3.5” x 9”. 20 Ct 1412 $5.00"
"1413","Medline FitRight ActivEdge Bladder Pads Contoured shape with fabric-like backsheet. Moderate absorbency. 4” x 11”.","16 Ct","$5.00","","Bladder Pads","9","true","Medline FitRight ActivEdge Bladder Pads Contoured shape with fabric-like backsheet. Moderate absorbency. 4” x 11”. 16 Ct 1413 $5.00"
"1414","Medline FitRight ActivEdge Bladder Pads Contoured shape with fabric-like backsheet. Maximum absorbency. 5” x 14”.","10 Ct","$5.00","","Bladder Pads","9","true","Medline FitRight ActivEdge Bladder Pads Contoured shape with fabric-like backsheet. Maximum absorbency. 5” x 14”. 10 Ct 1414 $5.00"
"1415","Medline FitRight ActivEdge Bladder Pads Contoured shape with fabric-like backsheet. Ultimate absorbency. 6” x 16”.","10 Ct","$5.00","","Bladder Pads","9","true","Medline FitRight ActivEdge Bladder Pads Contoured shape with fabric-like backsheet. Ultimate absorbency. 6” x 16”. 10 Ct 1415 $5.00"
"1416","Medline FitRight ActivEdge Underwear for Men Extra protection where a man needs it. Max absorbency. S/M (28”-40” waist).","20 Ct","$20.00","","Protective Underwear","10","true","Medline FitRight ActivEdge Underwear for Men Extra protection where a man needs it. Max absorbency. S/M (28”-40” waist). 20 Ct 1416 $20.00"
"1417","Medline FitRight ActivEdge Underwear for Men Extra protection where a man needs it. Max absorbency. L/ XL (40”-56” waist).","20 Ct","$20.00","","Protective Underwear","10","true","Medline FitRight ActivEdge Underwear for Men Extra protection where a man needs it. Max absorbency. L/ XL (40”-56” waist). 20 Ct 1417 $20.00"
"1418","Medline FitRight ActivEdge Underwear for Women Odor & leak protection. Max absorbency. S/M (28”-40” waist).","20 Ct","$20.00","","Protective Underwear","10","true","Medline FitRight ActivEdge Underwear for Women Odor & leak protection. Max absorbency. S/M (28”-40” waist). 20 Ct 1418 $20.00"
"1419","Medline FitRight ActivEdge Underwear for Women Odor & leak protection. Max absorbency. L/XL (40”-56” waist).","20 Ct","$20.00","","Protective Underwear","10","true","Medline FitRight ActivEdge Underwear for Women Odor & leak protection. Max absorbency. L/XL (40”-56” waist). 20 Ct 1419 $20.00"
"1423","Medline FitRight OptiFit Ultra Disposable Briefs Cloth-like diaper with skin-safe tabs. Ultra absorbency. 2XL (60”-70” waist).","20 Ct","$20.00","","Briefs","10","true","Medline FitRight OptiFit Ultra Disposable Briefs Cloth-like diaper with skin-safe tabs. Ultra absorbency. 2XL (60”-70” waist). 20 Ct 1423 $20.00"
"1427","Medline Premium Disposable Polymer Underpads Premium protection for wheelchairs, beds, more. 30” x 30”.","10 Ct","$10.00","","Underpads","11","true","Medline Premium Disposable Polymer Underpads Premium protection for wheelchairs, beds, more. 30” x 30”. 10 Ct 1427 $10.00"
"1440","Medline Gel Hallux Bunion Guard Washable, reusable and hypoallergenic.","1 Ct","$10.00","","Foot Care","21","true","Medline Gel Hallux Bunion Guard Washable, reusable and hypoallergenic. 1 Ct 1440 $10.00"
"1442","Medline Gel Toe Straighteners Helps align big toe.","4 Ct","$10.00","","Foot Care","22","true","Medline Gel Toe Straighteners Helps align big toe. 4 Ct 1442 $10.00"
"1479","Aim Cavity Protection Gel Toothpaste 5.5 oz. Cleans, freshens and protects. Ultra mint.","1 Ct","$5.00","","Oral Care","24","false","Aim Cavity Protection Gel Toothpaste 5.5 oz. Cleans, freshens and protects. Ultra mint. 1 Ct 1479 $5.00"
"1483","Biotene Dry Mouth Fluoride Toothpaste 4.3 oz. Fresh mint original flavor.","1 Ct","$14.50","","Oral Care","24","false","Biotene Dry Mouth Fluoride Toothpaste 4.3 oz. Fresh mint original flavor. 1 Ct 1483 $14.50"
"1485","FreshMint Denture Adhesive 2 oz. Compare to Fixodent Original.","1 Ct","$5.00","","Oral Care","22","false","FreshMint Denture Adhesive 2 oz. Compare to Fixodent Original. 1 Ct 1485 $5.00"
"1487","GUM Proxabrush Go-Betweens Teeth Cleaners Triangle-shape bristles help remove more plaque.","10 Ct","$6.00","","Oral Care","22","false","GUM Proxabrush Go-Betweens Teeth Cleaners Triangle-shape bristles help remove more plaque. 10 Ct 1487 $6.00"
"1491","GoodSense Lip Balm SPF 15. Compare to the active ingredients in ChapStick.","1 Ct","$5.00","","Foot Care","22","false","GoodSense Lip Balm SPF 15. Compare to the active ingredients in ChapStick. 1 Ct 1491 $5.00"
"1494","Fresh Mint Sensitive Teeth Toothpaste 4.3 oz. Compare to the active ingredients in Sensodyne Fresh Mint.","1 Ct","$5.00","","Oral Care","24","false","Fresh Mint Sensitive Teeth Toothpaste 4.3 oz. Compare to the active ingredients in Sensodyne Fresh Mint. 1 Ct 1494 $5.00"
"1518","Medline Remedy Clinical Skin Cream 16 oz. Hydrates for 24 hours with no greasy residue. Vanilla scent.","16 Oz","$13.50","","Skin Care + Hair Care","25","true","Medline Remedy Clinical Skin Cream 16 oz. Hydrates for 24 hours with no greasy residue. Vanilla scent. 16 Oz 1518 $13.50"
"1527","GoodSense SPF 50 Sunscreen Lotion 8 oz. Compare to the active ingredients in Coppertone.","8 Oz","$10.00","","Sunscreens","26","false","GoodSense SPF 50 Sunscreen Lotion 8 oz. Compare to the active ingredients in Coppertone. 8 Oz 1527 $10.00"
"1600","GoodSense Cough Drops 7.5 mg menthol. Compare to the active ingredient in Halls. Honey lemon flavor.","30 Ct","$5.00","","Allergy & Sinus","13","false","GoodSense Cough Drops 7.5 mg menthol. Compare to the active ingredient in Halls. Honey lemon flavor. 30 Ct 1600 $5.00"
"1602","Major Sugar-Free Sore Throat Spray 6 oz. Cherry flavor. Compare to the active ingredient in Cloraseptic.","6 Oz","$5.00","","Allergy & Sinus","14","false","Major Sugar-Free Sore Throat Spray 6 oz. Cherry flavor. Compare to the active ingredient in Cloraseptic. 6 Oz 1602 $5.00"
"1614","Medline Sofnit 300 Reusable Twill Underpad Absorbent 55% cotton/45% poly with vinyl back. Machine wash. Pink. 34” x 36”.","1 Ct","$10.00","","Underpads","11","true","Medline Sofnit 300 Reusable Twill Underpad Absorbent 55% cotton/45% poly with vinyl back. Machine wash. Pink. 34” x 36”. 1 Ct 1614 $10.00"
"1619","Medline FitRight Ultra Underpads Fluff/polymer core for absorbency and odor control. Heavy absorbency. 30” x 36”.","10 Ct","$10.00","","Underpads","11","true","Medline FitRight Ultra Underpads Fluff/polymer core for absorbency and odor control. Heavy absorbency. 30” x 36”. 10 Ct 1619 $10.00"
"1632","Bausch + Lomb AREDS2 PreserVision Eye Vitamins #1 doctor recommended brand.","120 Ct","$50.00","","Daily Living Aids","32","false","Bausch + Lomb AREDS2 PreserVision Eye Vitamins #1 doctor recommended brand. 120 Ct 1632 $50.00"
"1637","CURAD Sterile Medium Nonstick Pads Absorbent pad protects minor cuts, scrapes. 3” x 4”.","20 Ct","$5.00","","Dressings & Gauze","7","false","CURAD Sterile Medium Nonstick Pads Absorbent pad protects minor cuts, scrapes. 3” x 4”. 20 Ct 1637 $5.00"
"1638","CURAD QuickStop! Flex-Fabric Bandages Helps stop minor bleeding fast. Small and medium sizes.","30 Ct","$5.00","","Bandages","7","false","CURAD QuickStop! Flex-Fabric Bandages Helps stop minor bleeding fast. Small and medium sizes. 30 Ct 1638 $5.00"
"1639","CURAD Hot or Cold Therapy Water Bottle 2 qt. Flexible, ridged rubber conforms to contours.","1 Ct","$10.00","","Daily Living Aids","28","false","CURAD Hot or Cold Therapy Water Bottle 2 qt. Flexible, ridged rubber conforms to contours. 1 Ct 1639 $10.00"
"1641","CURAD Plastic Adhesive Bandages Breathable protection with nonstick pad. 2” x 4”.","50 Ct","$6.00","","Bandages","7","false","CURAD Plastic Adhesive Bandages Breathable protection with nonstick pad. 2” x 4”. 50 Ct 1641 $6.00"
"1642","CURAD Flex-Fabric Adhesive Bandages Fingertip Seals out dirt. Conforms to contours and moves with you. 2” x 1.75” fingertip shape.","100 Ct","$6.00","","Bandages","6","false","CURAD Flex-Fabric Adhesive Bandages Fingertip Seals out dirt. Conforms to contours and moves with you. 2” x 1.75” fingertip shape. 100 Ct 1642 $6.00"
"1643","GoodSense Extra Strength Medicated Cold/Hot Patch Compare to the active ingredient in Icy Hot. 3.14” x 4.72”.","5 Ct","$5.00","","Pain & Fever Relief","16","false","GoodSense Extra Strength Medicated Cold/Hot Patch Compare to the active ingredient in Icy Hot. 3.14” x 4.72”. 5 Ct 1643 $5.00"
"1644","Medi-First Insect Sting Relief Pads Premoistened wipes with 50% ethyl alcohol, 2% lidocaine.","10 Ct","$10.00","","Pain & Fever Relief","14","false","Medi-First Insect Sting Relief Pads Premoistened wipes with 50% ethyl alcohol, 2% lidocaine. 10 Ct 1644 $10.00"
"1646","MyDerm Bite Relief Benzocaine Ointment 1.75 oz. Non-greasy formula with soothing aloe and chamomile.","1.75 Oz","$10.00","","Pain & Fever Relief","14","false","MyDerm Bite Relief Benzocaine Ointment 1.75 oz. Non-greasy formula with soothing aloe and chamomile. 1.75 Oz 1646 $10.00"
"1647","Simply Soft 100% Cotton Swabs Premium swabs for beauty care and first aid.","300 Ct","$5.00","","Personal Care","20","false","Simply Soft 100% Cotton Swabs Premium swabs for beauty care and first aid. 300 Ct 1647 $5.00"
"1707","Hemorrhoid Hygiene Pads with Witch Hazel Cooling & soothing relief from burning and itching.","100 Ct","$10.00","","Pain & Fever Relief","15","false","Hemorrhoid Hygiene Pads with Witch Hazel Cooling & soothing relief from burning and itching. 100 Ct 1707 $10.00"
"1711","Ice Blue 2% Menthol Pain Relieving Gel 16 oz. Compare to the active ingredients in Mineral Ice.","16 Oz","$10.00","","Pain & Fever Relief","15","false","Ice Blue 2% Menthol Pain Relieving Gel 16 oz. Compare to the active ingredients in Mineral Ice. 16 Oz 1711 $10.00"
"1712","Beyond BodiHeat 12-Hour Pain Relief Heat Pads Soothes and comforts sore muscles. Use over clothing only. 3.75” x 5.125”.","4 Ct","$5.00","","Pain & Fever Relief","16","false","Beyond BodiHeat 12-Hour Pain Relief Heat Pads Soothes and comforts sore muscles. Use over clothing only. 3.75” x 5.125”. 4 Ct 1712 $5.00"
"1716","Gentell Vitamin A&D+E Ointment 13 oz. Protects and soothes minor burns, skin irritations, chapping, rashes.","1 Ct","$10.00","","Skin Care + Hair Care","26","false","Gentell Vitamin A&D+E Ointment 13 oz. Protects and soothes minor burns, skin irritations, chapping, rashes. 1 Ct 1716 $10.00"
"1718","Remedy Essentials Cornstarch Body Powder 14 oz. Non-caking formula goes on soft and rinses off easily. Lightly scented.","14 Oz","$5.00","","Skin Care + Hair Care","25","false","Remedy Essentials Cornstarch Body Powder 14 oz. Non-caking formula goes on soft and rinses off easily. Lightly scented. 14 Oz 1718 $5.00"
"1719","Medline FitRight Aloe Quilted Personal Wipes Thick 8” x 12” wipes cleanse, moisturize and soothe. Unscented.","48 Ct","$5.00","","Sunscreens","27","true","Medline FitRight Aloe Quilted Personal Wipes Thick 8” x 12” wipes cleanse, moisturize and soothe. Unscented. 48 Ct 1719 $5.00"
"1723","Medline Ultrasoft Disposable Dry Cleansing Cloths Multipurpose - add water to gently cleanse. Do not flush. 12” x 14”. Unscented.","90 Ct","$5.00","","Sunscreens","27","true","Medline Ultrasoft Disposable Dry Cleansing Cloths Multipurpose - add water to gently cleanse. Do not flush. 12” x 14”. Unscented. 90 Ct 1723 $5.00"
"1731","GeriCare Chewable Gas Relief Tablets 80 mg Compare active ingredient in Gas-X Regular Strength Tablets. Mint flavor.","100 Ct","$10.00","","Stomach Remedies","17","false","GeriCare Chewable Gas Relief Tablets 80 mg Compare active ingredient in Gas-X Regular Strength Tablets. Mint flavor. 100 Ct 1731 $10.00"
"1732","Major Lactase Dairy Digestive Aid Caplet 3,000 FCC Compare to the active ingredient in Lactaid Fast Act.","60 Ct","$10.00","","Stomach Remedies","17","false","Major Lactase Dairy Digestive Aid Caplet 3,000 FCC Compare to the active ingredient in Lactaid Fast Act. 60 Ct 1732 $10.00"
"1734","Digestive Health Sugar-Free Psyllium Fiber Powder Supplement 10 oz. Compare to the active ingredient in Metamucil. Orange flavor.","10 Oz","$15.00","","Daily Living Aids","29","false","Digestive Health Sugar-Free Psyllium Fiber Powder Supplement 10 oz. Compare to the active ingredient in Metamucil. Orange flavor. 10 Oz 1734 $15.00"
"1743","Alpha Lipoic Acid Capsules 300 mg Dietary supplement.","50 Ct","$20.00","","Daily Living Aids","29","false","Alpha Lipoic Acid Capsules 300 mg Dietary supplement. 50 Ct 1743 $20.00"
"1745","GeriCare Magnesium Oxide Coated Tablets 400 mg Compare to the active ingredient in MAG-OX 400.","120 Ct","$10.00","","Daily Living Aids","31","false","GeriCare Magnesium Oxide Coated Tablets 400 mg Compare to the active ingredient in MAG-OX 400. 120 Ct 1745 $10.00"
"1749","Calcium with Vitamin D3 Tablets 600 mg Compare to the active ingredients in Caltrate 600 + D.","300 Ct","$15.00","","Daily Living Aids","30","false","Calcium with Vitamin D3 Tablets 600 mg Compare to the active ingredients in Caltrate 600 + D. 300 Ct 1749 $15.00"
"1750","21st Century Vitamin C-500 Chewable Tablets 500 mg Orange flavor.","110 Ct","$10.00","","Daily Living Aids","30","false","21st Century Vitamin C-500 Chewable Tablets 500 mg Orange flavor. 110 Ct 1750 $10.00"
"1751","ImmuBlast Immune System Chewable Tablets Compare to the active ingredients in Airborne. Citrus flavor.","32 Ct","$10.00","","Daily Living Aids","30","false","ImmuBlast Immune System Chewable Tablets Compare to the active ingredients in Airborne. Citrus flavor. 32 Ct 1751 $10.00"
"1754","GoodSense Chocolate Calcium Chews 650 mg Compare to the active ingredients in Viactiv.","60 Ct","$10.00","","Daily Living Aids","31","false","GoodSense Chocolate Calcium Chews 650 mg Compare to the active ingredients in Viactiv. 60 Ct 1754 $10.00"
"1755","Glucosamine 750 mg and Chondroitin 600 mg Tablets Triple strength. Contains shellfish.","100 Ct","$25.00","","Daily Living Aids","32","false","Glucosamine 750 mg and Chondroitin 600 mg Tablets Triple strength. Contains shellfish. 100 Ct 1755 $25.00"
"1757","True Plus Glucose Chewable Tablets 4g Raises low blood sugar and boosts energy. Orange flavor.","50 Ct","$10.00","","Daily Living Aids","32","false","True Plus Glucose Chewable Tablets 4g Raises low blood sugar and boosts energy. Orange flavor. 50 Ct 1757 $10.00"
"1776","Diphenhydramine Antihistamine Tablets 25 mg Compare to the active ingredient in Benadryl Allergy Ultratabs.","100 Ct","$6.00","","Allergy & Sinus","11","false","Diphenhydramine Antihistamine Tablets 25 mg Compare to the active ingredient in Benadryl Allergy Ultratabs. 100 Ct 1776 $6.00"
"1788","Medline FitRight OptiFit Extra Disposable Briefs Cloth-like diaper with skin-safe tabs. Extra absorbency. L (44”-56” waist).","20 Ct","$20.00","","Briefs","10","true","Medline FitRight OptiFit Extra Disposable Briefs Cloth-like diaper with skin-safe tabs. Extra absorbency. L (44”-56” waist). 20 Ct 1788 $20.00"
"1789","Medline FitRight OptiFit Extra Disposable Briefs Cloth-like diaper with skin-safe tabs. Extra absorbency. M (32”-44” waist).","20 Ct","$20.00","","Briefs","9","true","Medline FitRight OptiFit Extra Disposable Briefs Cloth-like diaper with skin-safe tabs. Extra absorbency. M (32”-44” waist). 20 Ct 1789 $20.00"
"1792","Medline FitRight OptiFit Extra Disposable Briefs Cloth-like diaper with skin-safe tabs. Extra absorbency. XL (56”-64” waist).","20 Ct","$20.00","","Briefs","10","true","Medline FitRight OptiFit Extra Disposable Briefs Cloth-like diaper with skin-safe tabs. Extra absorbency. XL (56”-64” waist). 20 Ct 1792 $20.00"
"1850","Medline FitRight Ultra Disposable Underwear Pull-on fits & feels like real underwear. Ultra absorbency. L (40”-56” waist).","20 Ct","$15.00","","Protective Underwear","10","true","Medline FitRight Ultra Disposable Underwear Pull-on fits & feels like real underwear. Ultra absorbency. L (40”-56” waist). 20 Ct 1850 $15.00"
"1852","Medline FitRight Ultra Disposable Underwear Pull-on fits & feels like real underwear. Ultra absorbency. M (28”-40” waist).","20 Ct","$15.00","","Protective Underwear","10","true","Medline FitRight Ultra Disposable Underwear Pull-on fits & feels like real underwear. Ultra absorbency. M (28”-40” waist). 20 Ct 1852 $15.00"
"1854","Medline FitRight Ultra Disposable Underwear Pull-on fits & feels like real underwear. Ultra absorbency. XL (56”-68” waist).","20 Ct","$15.00","","Protective Underwear","11","true","Medline FitRight Ultra Disposable Underwear Pull-on fits & feels like real underwear. Ultra absorbency. XL (56”-68” waist). 20 Ct 1854 $15.00"
"1858","Medline FitRight Aloe Personal Wipes Gentle aloe-based formula. Standard weight. 8” x 10”. Unscented.","100 Ct","$10.00","","Sunscreens","27","true","Medline FitRight Aloe Personal Wipes Gentle aloe-based formula. Standard weight. 8” x 10”. Unscented. 100 Ct 1858 $10.00"
"1859","Medline FitRight Aloe Personal Wipes Gentle aloe-based formula. Standard weight. 8” x 10”. Unscented.","600 Ct","$30.00","","Sunscreens","27","true","Medline FitRight Aloe Personal Wipes Gentle aloe-based formula. Standard weight. 8” x 10”. Unscented. 600 Ct 1859 $30.00"
"1867","GoodSense Day Cold Flu Multi-Symptom Liquid 12 oz. Alcohol-free. Compare to the active ingredients in Vicks DayQuil Cold & Flu.","12 Oz","$8.00","","Allergy & Sinus","13","false","GoodSense Day Cold Flu Multi-Symptom Liquid 12 oz. Alcohol-free. Compare to the active ingredients in Vicks DayQuil Cold & Flu. 12 Oz 1867 $8.00"
"1870","GoodSense Nighttime Cough Cold Flu Medicine 12 oz. Compare to the active ingredients in Vicks NyQuil Cold & Flu. Cherry flavor.","12 Oz","$10.00","","Allergy & Sinus","13","false","GoodSense Nighttime Cough Cold Flu Medicine 12 oz. Compare to the active ingredients in Vicks NyQuil Cold & Flu. Cherry flavor. 12 Oz 1870 $10.00"
"1873","Waxed Dental Floss 100 yd. Pack of 2. Mint flavor.","2 Ct","$5.00","","Oral Care","23","false","Waxed Dental Floss 100 yd. Pack of 2. Mint flavor. 2 Ct 1873 $5.00"
"1891","CURAD Adhesive Bandage Variety Pack First aid essential in assorted sizes.","200 Ct","$15.00","","Bandages","6","false","CURAD Adhesive Bandage Variety Pack First aid essential in assorted sizes. 200 Ct 1891 $15.00"
"1925","CURAD Triple Antibiotic Ointment Pain Relief 1 oz. Helps promote healing and reduce pain. Maximum strength.","1 Oz","$8.00","","Antibiotics & Antiseptics","6","false","CURAD Triple Antibiotic Ointment Pain Relief 1 oz. Helps promote healing and reduce pain. Maximum strength. 1 Oz 1925 $8.00"
"1984","Medication Aids Medline Combo Medication Pill Crusher and Splitter Compact size is great for travel. Plastic and stainless steel.","1 Ct","$10.00","","Allergy & Sinus","14","true","Medication Aids Medline Combo Medication Pill Crusher and Splitter Compact size is great for travel. Plastic and stainless steel. 1 Ct 1984 $10.00"
"2033","Medline ActivICE Topical Pain Reliever Roll-On 3oz. Fast-acting muscle ache relief. Compare to the active ingredients in Biofreeze.","3 Oz","$13.50","","Pain & Fever Relief","16","true","Medline ActivICE Topical Pain Reliever Roll-On 3oz. Fast-acting muscle ache relief. Compare to the active ingredients in Biofreeze. 3 Oz 2033 $13.50"
"2045","MyDerm Aloe Gel 16 oz. Cools and soothes skin. Helps restore moisture.","16 Oz","$10.00","","Sunscreens","26","false","MyDerm Aloe Gel 16 oz. Cools and soothes skin. Helps restore moisture. 16 Oz 2045 $10.00"
"2046","Medline Remedy Specialized Silicone Skin Cream 4oz. Moisture barrier for use on even fragile skin. 12.5% dimethicone. Unscented. 4 oz.","4 Oz","$5.00","","Skin Care + Hair Care","25","true","Medline Remedy Specialized Silicone Skin Cream 4oz. Moisture barrier for use on even fragile skin. 12.5% dimethicone. Unscented. 4 oz. 4 Oz 2046 $5.00"
"2059","Omeprazole Delayed-Release Antacid Capsules 20 mg 3 14-day courses of treatment. Compare to the active ingredient in Prilosec OTC.","42 Ct","$20.00","","Stomach Remedies","16","false","Omeprazole Delayed-Release Antacid Capsules 20 mg 3 14-day courses of treatment. Compare to the active ingredient in Prilosec OTC. 42 Ct 2059 $20.00"
"2060","GoodSense ClearLax Powder Laxative 17.9 oz. Grit-free, unflavored powder. Compare to the active ingredient in MiraLAX.","17.9 Oz","$15.00","","Stomach Remedies","17","false","GoodSense ClearLax Powder Laxative 17.9 oz. Grit-free, unflavored powder. Compare to the active ingredient in MiraLAX. 17.9 Oz 2060 $15.00"
"2061","21st Century Antioxidant & Vitamin A, C, E Tablets Calcium, zinc, selenium, copper and manganese. No sugar, salt, yeast, preservatives or artificial flavors.","60 Ct","$11.00","","Daily Living Aids","29","false","21st Century Antioxidant & Vitamin A, C, E Tablets Calcium, zinc, selenium, copper and manganese. No sugar, salt, yeast, preservatives or artificial flavors. 60 Ct 2061 $11.00"
"2073","Letter Vitamins 21st Century Vitamin B Complex with Vitamin C Tablets Multivitamin formula.","100 Ct","$9.00","","Daily Living Aids","30","false","Letter Vitamins 21st Century Vitamin B Complex with Vitamin C Tablets Multivitamin formula. 100 Ct 2073 $9.00"
"2079","Major High Blood Pressure Cough & Cold Tablets Compare to the active ingredients in Coricidin HBP Cough & Cold.","16 Ct","$7.00","","Allergy & Sinus","13","false","Major High Blood Pressure Cough & Cold Tablets Compare to the active ingredients in Coricidin HBP Cough & Cold. 16 Ct 2079 $7.00"
"2126","Medline Pistol Grip Reacher Extends your reach by 2 feet to grasp lightweight objects. 32” long.","1 Ct","$10.00","","Daily Living Aids","28","true","Medline Pistol Grip Reacher Extends your reach by 2 feet to grasp lightweight objects. 32” long. 1 Ct 2126 $10.00"
"2173","PreserVision AREDS 2 Eye Vitamin Mini Softgels Easier-to-swallow mini softgels. #1 doctor recommended brand.","60 Ct","$30.00","","Daily Living Aids","31","false","PreserVision AREDS 2 Eye Vitamin Mini Softgels Easier-to-swallow mini softgels. #1 doctor recommended brand. 60 Ct 2173 $30.00"
"2188","Medline Pistol Grip Reacher Extends your reach by 2 feet to grasp lightweight objects. 26” long.","1 Ct","$10.00","","Daily Living Aids","28","true","Medline Pistol Grip Reacher Extends your reach by 2 feet to grasp lightweight objects. 26” long. 1 Ct 2188 $10.00"
"2227","Medline SparkleFresh Denture Adhesive Cream 2.4oz. Compare to Fixodent.","1 Ct","$7.00","","Oral Care","23","true","Medline SparkleFresh Denture Adhesive Cream 2.4oz. Compare to Fixodent. 1 Ct 2227 $7.00"
"2233","Vitamin D3 Softgels 2000IU Easier to swallow softgel.","100 Ct","$10.00","","Daily Living Aids","30","false","Vitamin D3 Softgels 2000IU Easier to swallow softgel. 100 Ct 2233 $10.00"
"2251","Mucinex Fast-Max DM Cold & Cough Syrup 6 oz. Helps control cough, relieve chest congestion, thin mucus.","6 Oz","$24.00","","Allergy & Sinus","13","false","Mucinex Fast-Max DM Cold & Cough Syrup 6 oz. Helps control cough, relieve chest congestion, thin mucus. 6 Oz 2251 $24.00"
"2252","Sentry Senior Multivitamin Mineral Age 50+ Compare to the active ingredients in Centrum SILVER Adults.","60 Ct","$10.00","","Daily Living Aids","31","false","Sentry Senior Multivitamin Mineral Age 50+ Compare to the active ingredients in Centrum SILVER Adults. 60 Ct 2252 $10.00"
"2260","Natural Psyllium Fiber Powder Supplement 13 oz. Compare to the active ingredient in Metamucil. Orange flavor.","13 Oz","$15.00","","Daily Living Aids","29","false","Natural Psyllium Fiber Powder Supplement 13 oz. Compare to the active ingredient in Metamucil. Orange flavor. 13 Oz 2260 $15.00"
"2262","Salonpas 4% Lidocaine Gel Pain Relieving Patch Maximum strength relief for up to 8 hours. Unscented. 4” x 5.5”.","6 Ct","$15.00","","Pain & Fever Relief","16","false","Salonpas 4% Lidocaine Gel Pain Relieving Patch Maximum strength relief for up to 8 hours. Unscented. 4” x 5.5”. 6 Ct 2262 $15.00"
"2301","Night Time XStrength Pain Reliever Sleep Aid Caplets Compare to the active ingredients in Tylenol PM.","100 Ct","$10.00","","Pain & Fever Relief","14","false","Night Time XStrength Pain Reliever Sleep Aid Caplets Compare to the active ingredients in Tylenol PM. 100 Ct 2301 $10.00"
"2312","Medline ReadyBath Fresh Bathing Wipes One 8-pack cleanses entire body. Standard weight 8” x 8” cloths. Unscented.","8 Ct","$2.50","","Sunscreens","26","true","Medline ReadyBath Fresh Bathing Wipes One 8-pack cleanses entire body. Standard weight 8” x 8” cloths. Unscented. 8 Ct 2312 $2.50"
"2316","Wipes & Cloths Medline Remedy Clinical Barrier Cream Cloths 3-in-1 skin protectant wipe with 3.6% dimethicone. 8” x 12”. Vanilla scent.","48 Ct","$10.00","","Sunscreens","26","true","Wipes & Cloths Medline Remedy Clinical Barrier Cream Cloths 3-in-1 skin protectant wipe with 3.6% dimethicone. 8” x 12”. Vanilla scent. 48 Ct 2316 $10.00"
"2318","GeriCare Oral Probiotic Capsules 250 mg Saccharomyces boulardii - the probiotic found in Florastor.","50 Ct","$40.00","","Daily Living Aids","32","false","GeriCare Oral Probiotic Capsules 250 mg Saccharomyces boulardii - the probiotic found in Florastor. 50 Ct 2318 $40.00"
"3319","Face Covering Medline ASTM Level 1 3-Ply Face Mask Medical-grade with metal nosepiece and ear loops. Yellow.","50 Ct","$10.00","","Daily Living Aids","28","true","Face Covering Medline ASTM Level 1 3-Ply Face Mask Medical-grade with metal nosepiece and ear loops. Yellow. 50 Ct 3319 $10.00"
"3321","Crest Cavity Protection Toothpaste 4.2 oz. Helps stop cavities and freshens breath. Travel size. Regular flavor.","1 Ct","$10.00","","Oral Care","24","false","Crest Cavity Protection Toothpaste 4.2 oz. Helps stop cavities and freshens breath. Travel size. Regular flavor. 1 Ct 3321 $10.00"
"3377","Cushions & Positioners Medline Invalid Foam Ring Contoured Cushion Puncture-resistant foam with washable cover. 16” diameter.","1 Ct","$27.00","","Home Health Care","9","true","Cushions & Positioners Medline Invalid Foam Ring Contoured Cushion Puncture-resistant foam with washable cover. 16” diameter. 1 Ct 3377 $27.00"
"3378","Medline Fish Oil Softgels 1000 mg Rich in essential Omega-3 fatty acids (EPA & DHA). 234 mg of Omega-3.","90 Ct","$10.00","","Daily Living Aids","32","true","Medline Fish Oil Softgels 1000 mg Rich in essential Omega-3 fatty acids (EPA & DHA). 234 mg of Omega-3. 90 Ct 3378 $10.00"
"3383","Oxygen Therapy Medline Fiber Filled CPAP Pillow Designed to let mask and hose hang over side of pillow. 21”L x 15”W x 4”H.","1 Ct","$42.00","","Daily Living Aids","29","true","Oxygen Therapy Medline Fiber Filled CPAP Pillow Designed to let mask and hose hang over side of pillow. 21”L x 15”W x 4”H. 1 Ct 3383 $42.00"
"3401","GeriCare Zinc Sulfate Tablets 50 mg Dietary supplement.","100 Ct","$7.00","","Daily Living Aids","31","false","GeriCare Zinc Sulfate Tablets 50 mg Dietary supplement. 100 Ct 3401 $7.00"
"3416","Medline Flaxseed Oil Softgels 1000 mg Also a source of alpha-linolenic acid.","60 Ct","$5.00","","Daily Living Aids","32","true","Medline Flaxseed Oil Softgels 1000 mg Also a source of alpha-linolenic acid. 60 Ct 3416 $5.00"
"3436","Medline Remedy Clinical Lip Balm Soothes and protects with shea butter, aloe, botanicals and jojoba oil. Citrus flavor.","1 Ct","$4.50","","Foot Care","22","true","Medline Remedy Clinical Lip Balm Soothes and protects with shea butter, aloe, botanicals and jojoba oil. Citrus flavor. 1 Ct 3436 $4.50"
"3460","Medline FitGuard Touch Nitrile Exam Gloves Fully textured. Touchscreen sensitive. Dark blue. Large.","100 Ct","$10.00","","Daily Living Aids","29","true","Medline FitGuard Touch Nitrile Exam Gloves Fully textured. Touchscreen sensitive. Dark blue. Large. 100 Ct 3460 $10.00"
"3461","Gloves Medline FitGuard Touch Nitrile Exam Gloves Fully textured. Touchscreen sensitive. Dark blue. Medium.","100 Ct","$10.00","","Daily Living Aids","29","true","Gloves Medline FitGuard Touch Nitrile Exam Gloves Fully textured. Touchscreen sensitive. Dark blue. Medium. 100 Ct 3461 $10.00"
"3691","Pink-Bismuth Chewable Tablets Compare to the active ingredient in Pepto-Bismol.","30 Ct","$5.00","","Stomach Remedies","16","false","Pink-Bismuth Chewable Tablets Compare to the active ingredient in Pepto-Bismol. 30 Ct 3691 $5.00"
"3695","GeriCare Guaiasorb DM Cough Syrup Expectorant 4oz. Sugar-free, alcohol-free. Clear formula.","4 Oz","$7.00","","Allergy & Sinus","13","false","GeriCare Guaiasorb DM Cough Syrup Expectorant 4oz. Sugar-free, alcohol-free. Clear formula. 4 Oz 3695 $7.00"
"3708","Geri-Tussin DM Cough Suppressant Expectorant 16oz. Compare to the active ingredients in Robitussin DM.","16 Oz","$10.00","","Allergy & Sinus","13","false","Geri-Tussin DM Cough Suppressant Expectorant 16oz. Compare to the active ingredients in Robitussin DM. 16 Oz 3708 $10.00"
"3712","EVENCARE G2 Blood Glucose Test Strips For use with EVENCARE G2 blood glucose meter.","50 Ct","$10.00","","Home Diagnostics","8","false","EVENCARE G2 Blood Glucose Test Strips For use with EVENCARE G2 blood glucose meter. 50 Ct 3712 $10.00"
"3713","BAND-AID Flexible Fabric Adhesive Bandages Comfortable protection stretches as you move. 1” x 3”.","100 Ct","$15.00","","Bandages","6","false","BAND-AID Flexible Fabric Adhesive Bandages Comfortable protection stretches as you move. 1” x 3”. 100 Ct 3713 $15.00"
"3721","Test Kits HealthyMe UTI Test Strips Easy at-home test with results in just 2 minutes.","3 Ct","$10.00","","Home Diagnostics","8","false","Test Kits HealthyMe UTI Test Strips Easy at-home test with results in just 2 minutes. 3 Ct 3721 $10.00"
"3730","VitaJoy Melatonin Gummies Sleep Support 2.5 mg Gluten-free. Strawberry flavor.","120 Ct","$15.00","","Daily Living Aids","32","false","VitaJoy Melatonin Gummies Sleep Support 2.5 mg Gluten-free. Strawberry flavor. 120 Ct 3730 $15.00"
"3731","Hearing Amplifiers Medline Digital Hearing Amplifier Battery-powered, behind-the-ear style with 4-level volume control.","1 Ct","$25.00","","Hearing Aids & Amplifiers","8","true","Hearing Amplifiers Medline Digital Hearing Amplifier Battery-powered, behind-the-ear style with 4-level volume control. 1 Ct 3731 $25.00"
"3737","Nature’s Blend Turmeric Capsules 500 mg Standardized extract with no artificial flavors. Gluten-free.","60 Ct","$15.00","","Daily Living Aids","32","false","Nature’s Blend Turmeric Capsules 500 mg Standardized extract with no artificial flavors. Gluten-free. 60 Ct 3737 $15.00"
"3749","Colgate Triple Action Toothpaste 6 oz. 3-in-1 formula for cavity protection, whiter teeth and fresh breath.","3 Ct","$15.00","","Oral Care","24","false","Colgate Triple Action Toothpaste 6 oz. 3-in-1 formula for cavity protection, whiter teeth and fresh breath. 3 Ct 3749 $15.00"
"3763","Neutrogena Age Shield Face Sunscreen 3 oz. Oil-free, nongreasy formula protects and hydrates skin. SPF 70.","3 Oz","$22.00","","Sunscreens","26","false","Neutrogena Age Shield Face Sunscreen 3 oz. Oil-free, nongreasy formula protects and hydrates skin. SPF 70. 3 Oz 3763 $22.00"
"3766","Crest Pro-Health Multi-Protect CPC Oral Rinse 1.5L Alcohol-free mouthwash kills 99% of germs. Clean mint flavor.","1 Ct","$16.50","","Oral Care","24","false","Crest Pro-Health Multi-Protect CPC Oral Rinse 1.5L Alcohol-free mouthwash kills 99% of germs. Clean mint flavor. 1 Ct 3766 $16.50"
"3771","Bausch + Lomb Adv Eye Relief Dry Eye Drops 30 mL Fast relief from dry eyes. Replenishes tears.","1 Oz","$23.50","","Eye Care","21","false","Bausch + Lomb Adv Eye Relief Dry Eye Drops 30 mL Fast relief from dry eyes. Replenishes tears. 1 Oz 3771 $23.50"
"3777","Cottonelle Flushable Wipes Biodegradable, flushable, alcohol-free. 14 wipes in an individual travel pack.","14 Ct","$5.00","","Sunscreens","26","false","Cottonelle Flushable Wipes Biodegradable, flushable, alcohol-free. 14 wipes in an individual travel pack. 14 Ct 3777 $5.00"
"3783","Bausch & Lomb Soothe Lubricant Eye Drops Long-lasting relief. Preservative-free. Sterile, single-use doses.","28 Ct","$22.50","","Eye Care","21","false","Bausch & Lomb Soothe Lubricant Eye Drops Long-lasting relief. Preservative-free. Sterile, single-use doses. 28 Ct 3783 $22.50"
"3786","Cottonelle Flushable Wipes Biodegradable, flushable, alcohol-free. 168 wipes in softpack.","168 Ct","$15.00","","Sunscreens","26","false","Cottonelle Flushable Wipes Biodegradable, flushable, alcohol-free. 168 wipes in softpack. 168 Ct 3786 $15.00"
"3823","Biofreeze Pain Relieving Gel Roll-on 2.5 oz. Cooling pain relief from backaches, arthritis, sore muscles. Menthol.","3 Oz","$17.00","","Pain & Fever Relief","16","false","Biofreeze Pain Relieving Gel Roll-on 2.5 oz. Cooling pain relief from backaches, arthritis, sore muscles. Menthol. 3 Oz 3823 $17.00"
"3833","Vicks VapoRub Ointment 3.53 oz. Original camphor, eucalyptus and menthol formula.","3.5 Oz","$15.50","","Allergy & Sinus","12","false","Vicks VapoRub Ointment 3.53 oz. Original camphor, eucalyptus and menthol formula. 3.5 Oz 3833 $15.50"
"3853","CURAD Medium 2-Ply Alcohol Prep Pads Trusted first aid essential in individually wrapped packages.","100 Ct","$4.00","","Antibiotics & Antiseptics","6","false","CURAD Medium 2-Ply Alcohol Prep Pads Trusted first aid essential in individually wrapped packages. 100 Ct 3853 $4.00"
"3863","Pepto Bismol Chewable Tablets Nausea, heartburn, indigestion, upset stomach, diarrhea relief. Original flavor.","30 Ct","$11.50","","Stomach Remedies","16","false","Pepto Bismol Chewable Tablets Nausea, heartburn, indigestion, upset stomach, diarrhea relief. Original flavor. 30 Ct 3863 $11.50"
"3864","Tylenol Regular Strength Tablets 325 mg Temporary relief of minor aches, arthritis, headache.","100 Ct","$18.00","","Pain & Fever Relief","14","false","Tylenol Regular Strength Tablets 325 mg Temporary relief of minor aches, arthritis, headache. 100 Ct 3864 $18.00"
"3869","Coricidin HBP Cold and Flu Relief Tablets Decongestant-free. Acetaminophen and chlorpheniramine maleate antihistamine.","20 Ct","$14.00","","Allergy & Sinus","12","false","Coricidin HBP Cold and Flu Relief Tablets Decongestant-free. Acetaminophen and chlorpheniramine maleate antihistamine. 20 Ct 3869 $14.00"
"3874","Tylenol Extra Strength Caplets 500 mg Trusted pain reliever and fever reducer.","100 Ct","$20.00","","Pain & Fever Relief","14","false","Tylenol Extra Strength Caplets 500 mg Trusted pain reliever and fever reducer. 100 Ct 3874 $20.00"
"3908","Luden’s Cough Drops Soothes everyday throat irritation. Wild cherry flavor.","90 Ct","$10.00","","Allergy & Sinus","13","false","Luden’s Cough Drops Soothes everyday throat irritation. Wild cherry flavor. 90 Ct 3908 $10.00"
"3909","Preparation H Medicated Wipes Maximum strength with witch hazel and soothing aloe. Flushable.","48 Ct","$14.00","","Pain & Fever Relief","15","false","Preparation H Medicated Wipes Maximum strength with witch hazel and soothing aloe. Flushable. 48 Ct 3909 $14.00"
"3945","Bedding & Linens Medline Hypoallergenic Pillow Washable with 100% cotton cover. 20” x 26”.","1 Ct","$25.00","","Home Health Care","9","true","Bedding & Linens Medline Hypoallergenic Pillow Washable with 100% cotton cover. 20” x 26”. 1 Ct 3945 $25.00"
"3948","ReadyFlush JR Biodegradable Flushable Wipes Safe for sewer and septic systems. 7” x 8”. Unscented.","40 Ct","$5.00","","Sunscreens","27","false","ReadyFlush JR Biodegradable Flushable Wipes Safe for sewer and septic systems. 7” x 8”. Unscented. 40 Ct 3948 $5.00"
"3956","Walkers & Accessories Medline 2-Button Aluminum Folding Walker Folds to a slim 4.5 inches for easy transport. 5” wheels. 300 lb. weight capacity.","1 Ct","$55.00","","Mobility","18","true","Walkers & Accessories Medline 2-Button Aluminum Folding Walker Folds to a slim 4.5 inches for easy transport. 5” wheels. 300 lb. weight capacity. 1 Ct 3956 $55.00"
"4110","Medline Sparkle Fresh Toothpaste 2.75 oz. Fluoride to help protect against cavities. Travel-size. Mint flavor.","1 Ct","$2.00","","Oral Care","24","true","Medline Sparkle Fresh Toothpaste 2.75 oz. Fluoride to help protect against cavities. Travel-size. Mint flavor. 1 Ct 4110 $2.00"
"4159","CURAD 9-Inch Elastic Pull-Over Knee Support Compression for weak/injured knee. Fits right or left. M (16”- 18” circum).","1 Ct","$10.00","","Sunscreens","28","false","CURAD 9-Inch Elastic Pull-Over Knee Support Compression for weak/injured knee. Fits right or left. M (16”- 18” circum). 1 Ct 4159 $10.00"
"4165","CURAD Back Support with Dual-Pulley System Low-profile design is ideal for pulled muscles, sprains or strains. Metal stays for added support. L/XL (37”-44”).","1 Ct","$25.00","","Sunscreens","27","false","CURAD Back Support with Dual-Pulley System Low-profile design is ideal for pulled muscles, sprains or strains. Metal stays for added support. L/XL (37”-44”). 1 Ct 4165 $25.00"
"4166","CURAD Back Support with Dual-Pulley System Low-profile design is ideal for pulled muscles, sprains or strains. Metal stays for added support. S/M (28”-36”).","1 Ct","$25.00","","Sunscreens","27","false","CURAD Back Support with Dual-Pulley System Low-profile design is ideal for pulled muscles, sprains or strains. Metal stays for added support. S/M (28”-36”). 1 Ct 4166 $25.00"
"4169","Fixodent Original Denture Adhesive Cream 2.4 oz. Strong all-day hold.","1 Ct","$11.00","","Oral Care","23","false","Fixodent Original Denture Adhesive Cream 2.4 oz. Strong all-day hold. 1 Ct 4169 $11.00"
"4170","Hand Sanitizers & Wipes Medline Spectrum Advanced Hand Sanitizer Gel 8 oz. 70% ethyl alcohol kills 99.99% of common germs on hands. With vitamin E and emollients to help soothe skin.","8 Oz","$10.00","","Foot Care","22","true","Hand Sanitizers & Wipes Medline Spectrum Advanced Hand Sanitizer Gel 8 oz. 70% ethyl alcohol kills 99.99% of common germs on hands. With vitamin E and emollients to help soothe skin. 8 Oz 4170 $10.00"
"4201","Medline Ibuprofen Tablets 200 mg NSAID pain reliever and fever reducer. Coated for easier swallowing.","100 Ct","$5.00","","Pain & Fever Relief","15","true","Medline Ibuprofen Tablets 200 mg NSAID pain reliever and fever reducer. Coated for easier swallowing. 100 Ct 4201 $5.00"
"5001","Medline 24-Inch Knurled Chrome Grab Bar Mounts directly to wall with included hardware. 300 lb. capacity.","1 Ct","$25.00","","Mobility","18","true","Medline 24-Inch Knurled Chrome Grab Bar Mounts directly to wall with included hardware. 300 lb. capacity. 1 Ct 5001 $25.00"
"5003","Conair InterPlak Rechargeable Cordless Toothbrush Recharges on its own compact storage base.","1 Ct","$25.00","","Oral Care","23","false","Conair InterPlak Rechargeable Cordless Toothbrush Recharges on its own compact storage base. 1 Ct 5003 $25.00"
"5007","Conair Interplak Dental Water Jet Cordless, battery operated water jet flushes out plaque and food debris.","1 Ct","$45.00","","Oral Care","25","false","Conair Interplak Dental Water Jet Cordless, battery operated water jet flushes out plaque and food debris. 1 Ct 5007 $45.00"
"5008","CURAD Breathe Clear Nasal Strips Helps open your nose and relieve nasal stuffiness. Size M/L.","30 Ct","$5.00","","Allergy & Sinus","12","false","CURAD Breathe Clear Nasal Strips Helps open your nose and relieve nasal stuffiness. Size M/L. 30 Ct 5008 $5.00"
"5009","InterPlak Rechargeable Toothbrush Replacement Head Push on and click in place.","2 Ct","$20.00","","Oral Care","24","false","InterPlak Rechargeable Toothbrush Replacement Head Push on and click in place. 2 Ct 5009 $20.00"
"5010","Kotex Daily Panty Liners Regular Light protection with Xpress Dri. Unscented.","64 Ct","$10.00","","Eye Care","21","false","Kotex Daily Panty Liners Regular Light protection with Xpress Dri. Unscented. 64 Ct 5010 $10.00"
"5013","Canes & Accessories Medline Folding T-Handle Aluminum Cane Compact folding design fits into a purse, suitcase. Weighs only 1 lb. yet supports 250 lbs.","1 Ct","$15.00","","Mobility","18","true","Canes & Accessories Medline Folding T-Handle Aluminum Cane Compact folding design fits into a purse, suitcase. Weighs only 1 lb. yet supports 250 lbs. 1 Ct 5013 $15.00"
"5015","Medline Remedy Specialized Skin Cream 4 oz. All-over body cream with 1.5% dimethicone. Unscented.","4 Oz","$10.00","","Skin Care + Hair Care","25","true","Medline Remedy Specialized Skin Cream 4 oz. All-over body cream with 1.5% dimethicone. Unscented. 4 Oz 5015 $10.00"
"5028","Medical Nutrition Nutritional Shake Chocolate 8 oz. Nutritionally comparable to Ensure Original. 220 calories, 6 g fat, 32 g carbohydrate, and 9 g protein.","24 Ct","$45.00","","Nutrition","18","false","Medical Nutrition Nutritional Shake Chocolate 8 oz. Nutritionally comparable to Ensure Original. 220 calories, 6 g fat, 32 g carbohydrate, and 9 g protein. 24 Ct 5028 $45.00"
"5029","Nutritional Shake Vanilla 8 oz. Nutritionally comparable to Ensure Original. 220 calories, 6 g fat, 32 g carbohydrate, and 9 g protein.","24 Ct","$45.00","","Nutrition","18","false","Nutritional Shake Vanilla 8 oz. Nutritionally comparable to Ensure Original. 220 calories, 6 g fat, 32 g carbohydrate, and 9 g protein. 24 Ct 5029 $45.00"
"5030","Robafen CF Multi-Symptom Cough Cold Medicine 4 oz. Guaifenesin, dextromethorphan and phenylephrine for multi-symptom relief.","4 Oz","$4.00","","Allergy & Sinus","13","false","Robafen CF Multi-Symptom Cough Cold Medicine 4 oz. Guaifenesin, dextromethorphan and phenylephrine for multi-symptom relief. 4 Oz 5030 $4.00"
"5059","Bausch & Lomb Sensitive Eyes Plus Saline Contact Solution Extra-gentle, pH-balanced formula with potassium, an ingredient found in natural tears.","12 Oz","$10.00","","Eye Care","21","false","Bausch & Lomb Sensitive Eyes Plus Saline Contact Solution Extra-gentle, pH-balanced formula with potassium, an ingredient found in natural tears. 12 Oz 5059 $10.00"
"5061","Ready in Case Simethicone Gas Relief Softgels 180 mg Ultra strength. Compare to the active ingredient in Phazyme Ultra Strength.","60 Ct","$10.00","","Stomach Remedies","17","false","Ready in Case Simethicone Gas Relief Softgels 180 mg Ultra strength. Compare to the active ingredient in Phazyme Ultra Strength. 60 Ct 5061 $10.00"
"5063","Medline Loperamide Anti-Diarrheal Caplets 2 mg Compare to the active ingredients in Imodium A-D.","12 Ct","$5.00","","Stomach Remedies","17","true","Medline Loperamide Anti-Diarrheal Caplets 2 mg Compare to the active ingredients in Imodium A-D. 12 Ct 5063 $5.00"
"6003","Physical Therapy Braces & Supports CURAD IRONMAN Elastic Pull-Over Ankle Support Targeted compression plus infrared technology. S/M.","1 Ct","$15.00","","Sunscreens","27","false","Physical Therapy Braces & Supports CURAD IRONMAN Elastic Pull-Over Ankle Support Targeted compression plus infrared technology. S/M. 1 Ct 6003 $15.00"
"6004","CURAD IRONMAN Elastic Pull-Over Ankle Support Targeted compression plus infrared technology. L/XL.","1 Ct","$15.00","","Sunscreens","27","false","CURAD IRONMAN Elastic Pull-Over Ankle Support Targeted compression plus infrared technology. L/XL. 1 Ct 6004 $15.00"
"6006","Medline Contoured Lumbar Cushion Premium foam. Ideal for wheelchairs, car, home, office. Firm support. 14” x 13”.","1 Ct","$35.00","","Home Health Care","9","true","Medline Contoured Lumbar Cushion Premium foam. Ideal for wheelchairs, car, home, office. Firm support. 14” x 13”. 1 Ct 6006 $35.00"
"6007","CURAD Back Support with Dual-Pulley System Customized fit and compression for pulled muscles. Metal stays. Black. 2XL.","1 Ct","$25.00","","Sunscreens","27","false","CURAD Back Support with Dual-Pulley System Customized fit and compression for pulled muscles. Metal stays. Black. 2XL. 1 Ct 6007 $25.00"
"6012","Hydrogen Peroxide 3% 16 oz. First aid cleanser.","16 Oz","$5.00","","Antibiotics & Antiseptics","6","false","Hydrogen Peroxide 3% 16 oz. First aid cleanser. 16 Oz 6012 $5.00"
"6015","CURAD Premium Self-Stick Cohesive Wrap Strong compression with foam-like texture. Nonsterile. 2” x 5 yd. roll.","1 Ct","$4.00","","Bandages","7","false","CURAD Premium Self-Stick Cohesive Wrap Strong compression with foam-like texture. Nonsterile. 2” x 5 yd. roll. 1 Ct 6015 $4.00"
"6016","CURAD Waterproof Adhesive Medical Tape Tough cotton cloth plus strong adhesive to hold tight. 1/2” x 10 yd. roll.","1 Ct","$10.00","","Tapes","7","false","CURAD Waterproof Adhesive Medical Tape Tough cotton cloth plus strong adhesive to hold tight. 1/2” x 10 yd. roll. 1 Ct 6016 $10.00"
"6018","CURAD Plastic Adhesive Bandages 3/4” x 3” bandage with 4-sided seal.","200 Ct","$10.00","","Bandages","6","false","CURAD Plastic Adhesive Bandages 3/4” x 3” bandage with 4-sided seal. 200 Ct 6018 $10.00"
"6023","Glucose Monitoring & Accessories EVENCARE G2 Blood Glucose Monitor Kit Glucose meter, batteries, lancing device, 10 lancets, 10 test strips, user’s guide, case and log book.","1 Ct","$40.00","","Home Diagnostics","8","false","Glucose Monitoring & Accessories EVENCARE G2 Blood Glucose Monitor Kit Glucose meter, batteries, lancing device, 10 lancets, 10 test strips, user’s guide, case and log book. 1 Ct 6023 $40.00"
"6026","GeriCare Acetaminophen Rapid Release Gel Caps 500mg Compare to the active ingredient in Tylenol Extra Strength Rapid Release Gels.","100 Ct","$10.00","","Pain & Fever Relief","14","false","GeriCare Acetaminophen Rapid Release Gel Caps 500mg Compare to the active ingredient in Tylenol Extra Strength Rapid Release Gels. 100 Ct 6026 $10.00"
"6031","Allegra 24-Hour Allergy Tablets 180 mg Indoor/outdoor allergy relief.","30 Ct","$30.00","","Allergy & Sinus","11","false","Allegra 24-Hour Allergy Tablets 180 mg Indoor/outdoor allergy relief. 30 Ct 6031 $30.00"
"6045","Medline Shower Bath Bench with Arms Durable aluminum frame. 13.5” x 16” textured seat. Tool-free assembly. 350 lb. weight capacity. Gray.","1 Ct","$40.00","","Mobility","18","true","Medline Shower Bath Bench with Arms Durable aluminum frame. 13.5” x 16” textured seat. Tool-free assembly. 350 lb. weight capacity. Gray. 1 Ct 6045 $40.00"
"6047","Medline Shower Chair with Arms and Back Helps provide extra stability while bathing. 13.5”D seat. 350 lb. weight cap.","1 Ct","$50.00","","Mobility","17","true","Medline Shower Chair with Arms and Back Helps provide extra stability while bathing. 13.5”D seat. 350 lb. weight cap. 1 Ct 6047 $50.00"
"6108","Metamucil 4-in-1 Psyllium Fiber Supplement 23.3oz. No added sweeteners. 114 teaspoon servings.","23 Oz","$36.50","","Daily Living Aids","29","false","Metamucil 4-in-1 Psyllium Fiber Supplement 23.3oz. No added sweeteners. 114 teaspoon servings. 23 Oz 6108 $36.50"
"6113","Loperamide Caplets 2 mg Compare to the active ingredient in Imodium A-D Anti- Diarrheal.","24 Ct","$6.00","","Stomach Remedies","17","false","Loperamide Caplets 2 mg Compare to the active ingredient in Imodium A-D Anti- Diarrheal. 24 Ct 6113 $6.00"
"6114","Centrum Silver 50+ Multivitamin & Mineral Tablets Gluten-free. No artificial sweeteners.","125 Ct","$26.00","","Daily Living Aids","31","false","Centrum Silver 50+ Multivitamin & Mineral Tablets Gluten-free. No artificial sweeteners. 125 Ct 6114 $26.00"
"6148","Famotidine Heartburn Tablets 10 mg Acid reducer.","30 Ct","$5.00","","Stomach Remedies","16","false","Famotidine Heartburn Tablets 10 mg Acid reducer. 30 Ct 6148 $5.00"
"6149","Batteries MD Hearing Hearing Aid Batteries Size 312 Brown tab. 1.45V zinc air. Mercury-free.","8 Ct","$7.50","","Hearing Aids & Amplifiers","8","false","Batteries MD Hearing Hearing Aid Batteries Size 312 Brown tab. 1.45V zinc air. Mercury-free. 8 Ct 6149 $7.50"
"6157","Feminine Care Medline FitRight Panty Liners Very light absorbency. Individually wrapped. 7” long.","40 Ct","$10.00","","Eye Care","21","true","Feminine Care Medline FitRight Panty Liners Very light absorbency. Individually wrapped. 7” long. 40 Ct 6157 $10.00"
"6160","Benadryl Allergy Ultratabs 25 mg Helps relieve hay fever, allergy symptoms. Small, easier-to- swallow tablets.","48 Ct","$15.00","","Allergy & Sinus","11","false","Benadryl Allergy Ultratabs 25 mg Helps relieve hay fever, allergy symptoms. Small, easier-to- swallow tablets. 48 Ct 6160 $15.00"
"6171","Advil Ibuprofen Tablets 200 mg NSAID pain reliever, fever reducer. Coated.","100 Ct","$20.00","","Pain & Fever Relief","15","false","Advil Ibuprofen Tablets 200 mg NSAID pain reliever, fever reducer. Coated. 100 Ct 6171 $20.00"
"6172","Dr. Reddy’s Arthritis Pain Relief Gel 3.53 oz. Compare to the active ingredient in Voltran Arthritis Pain Gel.","3.53 Oz","$20.00","","Pain & Fever Relief","15","false","Dr. Reddy’s Arthritis Pain Relief Gel 3.53 oz. Compare to the active ingredient in Voltran Arthritis Pain Gel. 3.53 Oz 6172 $20.00"
"6173","Exercise Bands, Balls & Tubing Medline Resistance Exercise Band 5 ft. long. Medium resistance. Green.","1 Ct","$4.00","","Daily Living Aids","28","true","Exercise Bands, Balls & Tubing Medline Resistance Exercise Band 5 ft. long. Medium resistance. Green. 1 Ct 6173 $4.00"
"6192","Colgate Sonic Battery Powered Toothbrush 4-way clean. One AA battery included.","1 Ct","$10.00","","Oral Care","23","false","Colgate Sonic Battery Powered Toothbrush 4-way clean. One AA battery included. 1 Ct 6192 $10.00"
"6197","Quality Plus Allergy Relief Diphenhydramine Tablets 25 mg Easy-to-swallow mini-tabs. Compare to the active ingredient in Benadryl Allergy Ultratab Tablets.","24 Ct","$7.00","","Allergy & Sinus","11","false","Quality Plus Allergy Relief Diphenhydramine Tablets 25 mg Easy-to-swallow mini-tabs. Compare to the active ingredient in Benadryl Allergy Ultratab Tablets. 24 Ct 6197 $7.00"
"6227","Supplements Hi-Potency Biotin B7 Vitamin Tablets 1000 mcg Dietary supplement also known as vitamin H, vitamin B7 and vitamin B8.","100 Ct","$10.00","","Daily Living Aids","31","false","Supplements Hi-Potency Biotin B7 Vitamin Tablets 1000 mcg Dietary supplement also known as vitamin H, vitamin B7 and vitamin B8. 100 Ct 6227 $10.00"
"6234","GeriCare Vitamin C Tablets 500 mg Also known as ascorbic acid.","100 Ct","$10.00","","Daily Living Aids","30","false","GeriCare Vitamin C Tablets 500 mg Also known as ascorbic acid. 100 Ct 6234 $10.00"
"6238","Minerals 21st Century Calcium Citrate Maximum + D3 Tablets Gluten free. Compare active ingredients to Citracal +D Maximum.","120 Ct","$12.00","","Daily Living Aids","30","false","Minerals 21st Century Calcium Citrate Maximum + D3 Tablets Gluten free. Compare active ingredients to Citracal +D Maximum. 120 Ct 6238 $12.00"
"6618","Paper Products Medline Deluxe Toilet Paper Roll Soft and durable. 4.5” x 3.2” sheet. 400 sheets/roll.","1 Ct","$1.50","","Home Health Care","9","true","Paper Products Medline Deluxe Toilet Paper Roll Soft and durable. 4.5” x 3.2” sheet. 400 sheets/roll. 1 Ct 6618 $1.50"
"6665","FLONASE 24-Hour Allergy Relief Nasal Spray Non-drowsy. 72 metered sprays.","1 Ct","$34.50","","Allergy & Sinus","12","false","FLONASE 24-Hour Allergy Relief Nasal Spray Non-drowsy. 72 metered sprays. 1 Ct 6665 $34.50"
"6718","Voltaren Arthritis Pain Relief Gel 1.7 oz. Non-steroidal, full prescription strength topical gel. 1% diclofenac sodium.","1.7 Oz","$17.00","","Pain & Fever Relief","15","false","Voltaren Arthritis Pain Relief Gel 1.7 oz. Non-steroidal, full prescription strength topical gel. 1% diclofenac sodium. 1.7 Oz 6718 $17.00"
"6863","Q-Tips Cotton Swabs Flexible paper stick with soft cotton tips.","300 Ct","$7.00","","Personal Care","20","false","Q-Tips Cotton Swabs Flexible paper stick with soft cotton tips. 300 Ct 6863 $7.00"
"6882","Adjustable Heel Lift 3 layers of foam for extra cushion. Suitable for most shoe types. Fits right or left foot. Size large.","1 Ct","$11.00","","Foot Care","22","false","Adjustable Heel Lift 3 layers of foam for extra cushion. Suitable for most shoe types. Fits right or left foot. Size large. 1 Ct 6882 $11.00"
"6883","Adjustable Heel Lift 3 layers of foam for extra cushion. Suitable for most shoe types. Fits right or left foot. Size medium.","1 Ct","$9.50","","Foot Care","22","false","Adjustable Heel Lift 3 layers of foam for extra cushion. Suitable for most shoe types. Fits right or left foot. Size medium. 1 Ct 6883 $9.50"
"6919","Medline 2-Sided Denture Brush Large brush head removes food and stains. Small, angle- trimmed brush head for hard-to-reach areas.","1 Ct","$2.00","","Oral Care","23","true","Medline 2-Sided Denture Brush Large brush head removes food and stains. Small, angle- trimmed brush head for hard-to-reach areas. 1 Ct 6919 $2.00"
"6935","Medline Peroxi-Fresh Hydrogen Peroxide Mouthwash 2 oz. 1.5% hydrogen peroxide in a solution with a touch of mint flavor. Not made with alcohol.","1 Ct","$2.50","","Oral Care","24","true","Medline Peroxi-Fresh Hydrogen Peroxide Mouthwash 2 oz. 1.5% hydrogen peroxide in a solution with a touch of mint flavor. Not made with alcohol. 1 Ct 6935 $2.50"
"6944","Colgate MaxFresh Toothpaste 6 oz. Anticavity fluoride toothpaste. Cool mint flavor.","1 Ct","$10.00","","Oral Care","24","false","Colgate MaxFresh Toothpaste 6 oz. Anticavity fluoride toothpaste. Cool mint flavor. 1 Ct 6944 $10.00"
"6965","Aquaphor Healing Ointment Dry Skin Moisturizer 7 oz. Trusted by dermatologists to protect and help heal dry, chapped or cracked skin. Hypoallergenic, fragrance-free.","7 Oz","$17.50","","Skin Care + Hair Care","25","false","Aquaphor Healing Ointment Dry Skin Moisturizer 7 oz. Trusted by dermatologists to protect and help heal dry, chapped or cracked skin. Hypoallergenic, fragrance-free. 7 Oz 6965 $17.50"
"7212","Disposable Face Mask Flat-fold. White.","10 Ct","$10.00","","Daily Living Aids","29","false","Disposable Face Mask Flat-fold. White. 10 Ct 7212 $10.00"
"7255","21st Century Vitamin D3 Tablets 125 mcg Gluten free. No added yeast or artificial flavors.","110 Ct","$7.00","","Daily Living Aids","30","false","21st Century Vitamin D3 Tablets 125 mcg Gluten free. No added yeast or artificial flavors. 110 Ct 7255 $7.00"
"7260","Windmill Magnesium Gluconate Tablets 500 mg No sugar, artificial colors or flavors. Gluten free.","90 Ct","$29.50","","Daily Living Aids","31","false","Windmill Magnesium Gluconate Tablets 500 mg No sugar, artificial colors or flavors. Gluten free. 90 Ct 7260 $29.50"
"7287","21st Century Glucosamine 500 mg Chondroitin 400 mg Tablets No added colors, no artificial flavors.","60 Ct","$14.00","","Daily Living Aids","32","false","21st Century Glucosamine 500 mg Chondroitin 400 mg Tablets No added colors, no artificial flavors. 60 Ct 7287 $14.00"
"7289","PlusPharma Melatonin Tablets 5 mg Dietary supplement.","90 Ct","$3.50","","Daily Living Aids","32","false","PlusPharma Melatonin Tablets 5 mg Dietary supplement. 90 Ct 7289 $3.50"
"7377","Clotrimazole 1% Cream 1.5 oz. Compare to the active ingredient in Gyne-Lotrimin.","1 Ct","$13.50","","Eye Care","21","false","Clotrimazole 1% Cream 1.5 oz. Compare to the active ingredient in Gyne-Lotrimin. 1 Ct 7377 $13.50"
"7424","Medline Acetaminophen Tablets 325 mg Pain reliever and fever reducer.","100 Ct","$5.00","","Pain & Fever Relief","14","true","Medline Acetaminophen Tablets 325 mg Pain reliever and fever reducer. 100 Ct 7424 $5.00"
"7425","Medline Acetaminophen Tablets 500 mg Pain reliever and fever reducer.","100 Ct","$5.00","","Pain & Fever Relief","14","true","Medline Acetaminophen Tablets 500 mg Pain reliever and fever reducer. 100 Ct 7425 $5.00"
"7437","TheraCare Max Strength Pain Relief 4% Lidocaine Patch Compare to the active ingredient in Aspercreme Lidocaine Patch. 3.93” x 5.51”.","5 Ct","$10.00","","Pain & Fever Relief","16","false","TheraCare Max Strength Pain Relief 4% Lidocaine Patch Compare to the active ingredient in Aspercreme Lidocaine Patch. 3.93” x 5.51”. 5 Ct 7437 $10.00"
"7482","Magnesium Citrate Oral Solution 10 oz. Saline laxative for temporary relief of occasional constipation. Low sodium. Lemon flavor.","10 Oz","$10.00","","Stomach Remedies","17","false","Magnesium Citrate Oral Solution 10 oz. Saline laxative for temporary relief of occasional constipation. Low sodium. Lemon flavor. 10 Oz 7482 $10.00"
"7641","Swan Advanced Hand Sanitizer 8 oz. Compare to Purell Advanced Hand Sanitizer.","8 Oz","$6.50","","Foot Care","22","false","Swan Advanced Hand Sanitizer 8 oz. Compare to Purell Advanced Hand Sanitizer. 8 Oz 7641 $6.50"
"7688","Jergen’s Ultra Healing Dry Skin Moisturizer 32 oz. Repairs and heals extra dry skin with vitamins C, E and B5.","32 Oz","$37.00","","Skin Care + Hair Care","25","false","Jergen’s Ultra Healing Dry Skin Moisturizer 32 oz. Repairs and heals extra dry skin with vitamins C, E and B5. 32 Oz 7688 $37.00"
"7717","Medline Closed Patella Knee Support 10.25” long contoured neoprene pull-on. 2XL (20”-22” circumference).","1 Ct","$8.00","","Sunscreens","28","true","Medline Closed Patella Knee Support 10.25” long contoured neoprene pull-on. 2XL (20”-22” circumference). 1 Ct 7717 $8.00"
"7718","Medline Closed Patella Knee Support 9.75” long contoured neoprene pull-on. Medium (14”-16” circumference).","1 Ct","$8.00","","Sunscreens","28","true","Medline Closed Patella Knee Support 9.75” long contoured neoprene pull-on. Medium (14”-16” circumference). 1 Ct 7718 $8.00"
"7719","Medline Closed Patella Knee Support 9.75” long contoured neoprene pull-on. Small (13”-14” circumference).","1 Ct","$8.00","","Sunscreens","28","true","Medline Closed Patella Knee Support 9.75” long contoured neoprene pull-on. Small (13”-14” circumference). 1 Ct 7719 $8.00"
"7720","Medline Closed Patella Knee Support 10.25” long contoured neoprene pull-on. XL (18”-20” circumference).","1 Ct","$8.00","","Sunscreens","28","true","Medline Closed Patella Knee Support 10.25” long contoured neoprene pull-on. XL (18”-20” circumference). 1 Ct 7720 $8.00"
"7813","21st Century Prostate Health w/ Beta-Sitosterol Softgels Provides 450 mg of plant sterol esters that include 125 mg of beta-sitosterol.","60 Ct","$10.50","","Daily Living Aids","32","false","21st Century Prostate Health w/ Beta-Sitosterol Softgels Provides 450 mg of plant sterol esters that include 125 mg of beta-sitosterol. 60 Ct 7813 $10.50"