sourceCatalog,sku,section,page,rowOrderOnPage,imageOrderOnPage,imageFile,imageUrl,confidence,width,height
"memorial-hermann-2026","1082","First Aid","1","1","1","1082--p1--01.png","/product-catalog/pdf-images/memorial-hermann-2026/1082--p1--01.png","0.70","153","153"
"memorial-hermann-2026","1698","First Aid","1","2","2","1698--p1--02.png","/product-catalog/pdf-images/memorial-hermann-2026/1698--p1--02.png","0.70","153","179"
"memorial-hermann-2026","1984","First Aid","1","3","3","1984--p1--03.png","/product-catalog/pdf-images/memorial-hermann-2026/1984--p1--03.png","0.70","153","153"
"memorial-hermann-2026","1986","First Aid","1","4","4","1986--p1--04.png","/product-catalog/pdf-images/memorial-hermann-2026/1986--p1--04.png","0.70","153","153"
"memorial-hermann-2026","2126","First Aid","1","5","5","2126--p1--05.png","/product-catalog/pdf-images/memorial-hermann-2026/2126--p1--05.png","0.70","153","153"
"memorial-hermann-2026","3713","First Aid","1","6","6","3713--p1--06.png","/product-catalog/pdf-images/memorial-hermann-2026/3713--p1--06.png","0.70","153","153"
"memorial-hermann-2026","4004","First Aid","1","7","7","4004--p1--07.png","/product-catalog/pdf-images/memorial-hermann-2026/4004--p1--07.png","0.70","153","153"
"memorial-hermann-2026","1043","First Aid","2","1","1","1043--p2--01.png","/product-catalog/pdf-images/memorial-hermann-2026/1043--p2--01.png","0.83","153","155"
"memorial-hermann-2026","1044","First Aid","2","2","2","1044--p2--02.png","/product-catalog/pdf-images/memorial-hermann-2026/1044--p2--02.png","0.83","153","153"
"memorial-hermann-2026","1063","First Aid","2","3","3","1063--p2--03.png","/product-catalog/pdf-images/memorial-hermann-2026/1063--p2--03.png","0.83","153","153"
"memorial-hermann-2026","1064","First Aid","2","4","4","1064--p2--04.png","/product-catalog/pdf-images/memorial-hermann-2026/1064--p2--04.png","0.83","191","191"
"memorial-hermann-2026","1073","First Aid","2","5","5","1073--p2--05.png","/product-catalog/pdf-images/memorial-hermann-2026/1073--p2--05.png","0.83","153","153"
"memorial-hermann-2026","1077","First Aid","2","6","6","1077--p2--06.png","/product-catalog/pdf-images/memorial-hermann-2026/1077--p2--06.png","0.83","153","153"
"memorial-hermann-2026","1641","First Aid","2","7","7","1641--p2--07.png","/product-catalog/pdf-images/memorial-hermann-2026/1641--p2--07.png","0.83","153","153"
"memorial-hermann-2026","1891","First Aid","2","8","8","1891--p2--08.png","/product-catalog/pdf-images/memorial-hermann-2026/1891--p2--08.png","0.83","153","153"
"memorial-hermann-2026","3559","First Aid","2","9","9","3559--p2--09.png","/product-catalog/pdf-images/memorial-hermann-2026/3559--p2--09.png","0.83","138","190"
"memorial-hermann-2026","3853","First Aid","2","10","10","3853--p2--10.png","/product-catalog/pdf-images/memorial-hermann-2026/3853--p2--10.png","0.83","146","190"
"memorial-hermann-2026","1048","Hearing Aids & Amplifiers","4","1","1","1048--p4--01.png","/product-catalog/pdf-images/memorial-hermann-2026/1048--p4--01.png","0.70","153","153"
"memorial-hermann-2026","1925","Tapes","4","2","2","1925--p4--02.png","/product-catalog/pdf-images/memorial-hermann-2026/1925--p4--02.png","0.70","153","153"
"memorial-hermann-2026","3731","Hearing Aids & Amplifiers","4","3","3","3731--p4--03.png","/product-catalog/pdf-images/memorial-hermann-2026/3731--p4--03.png","0.70","153","153"
"memorial-hermann-2026","5032","Hearing Aids & Amplifiers","4","4","4","5032--p4--04.png","/product-catalog/pdf-images/memorial-hermann-2026/5032--p4--04.png","0.70","153","153"
"memorial-hermann-2026","5034","Hearing Aids & Amplifiers","4","5","5","5034--p4--05.png","/product-catalog/pdf-images/memorial-hermann-2026/5034--p4--05.png","0.70","153","175"
"memorial-hermann-2026","6719","Tapes","4","6","6","6719--p4--06.png","/product-catalog/pdf-images/memorial-hermann-2026/6719--p4--06.png","0.70","153","153"
"memorial-hermann-2026","7322","Tapes","4","7","7","7322--p4--07.png","/product-catalog/pdf-images/memorial-hermann-2026/7322--p4--07.png","0.70","153","153"
"memorial-hermann-2026","1099","Hearing Aids & Amplifiers","5","1","1","1099--p5--01.png","/product-catalog/pdf-images/memorial-hermann-2026/1099--p5--01.png","0.70","153","153"
"memorial-hermann-2026","1100","Hearing Aids & Amplifiers","5","2","2","1100--p5--02.png","/product-catalog/pdf-images/memorial-hermann-2026/1100--p5--02.png","0.70","153","153"
"memorial-hermann-2026","1387","Hearing Aids & Amplifiers","5","3","3","1387--p5--03.png","/product-catalog/pdf-images/memorial-hermann-2026/1387--p5--03.png","0.70","153","153"
"memorial-hermann-2026","3712","Hearing Aids & Amplifiers","5","4","4","3712--p5--04.png","/product-catalog/pdf-images/memorial-hermann-2026/3712--p5--04.png","0.70","153","153"
"memorial-hermann-2026","3721","Hearing Aids & Amplifiers","5","5","5","3721--p5--05.png","/product-catalog/pdf-images/memorial-hermann-2026/3721--p5--05.png","0.70","153","153"
"memorial-hermann-2026","6023","Hearing Aids & Amplifiers","5","6","6","6023--p5--06.png","/product-catalog/pdf-images/memorial-hermann-2026/6023--p5--06.png","0.70","153","153"
"memorial-hermann-2026","6252","Hearing Aids & Amplifiers","5","7","7","6252--p5--07.png","/product-catalog/pdf-images/memorial-hermann-2026/6252--p5--07.png","0.70","153","136"
"memorial-hermann-2026","1089","Hearing Aids & Amplifiers","6","1","1","1089--p6--01.png","/product-catalog/pdf-images/memorial-hermann-2026/1089--p6--01.png","0.73","153","153"
"memorial-hermann-2026","1094","Hearing Aids & Amplifiers","6","2","2","1094--p6--02.png","/product-catalog/pdf-images/memorial-hermann-2026/1094--p6--02.png","0.73","153","153"
"memorial-hermann-2026","1338","Incontinence","6","3","3","1338--p6--03.png","/product-catalog/pdf-images/memorial-hermann-2026/1338--p6--03.png","0.73","153","153"
"memorial-hermann-2026","1339","Incontinence","6","4","4","1339--p6--04.png","/product-catalog/pdf-images/memorial-hermann-2026/1339--p6--04.png","0.73","153","153"
"memorial-hermann-2026","1411","Incontinence","6","5","5","1411--p6--05.png","/product-catalog/pdf-images/memorial-hermann-2026/1411--p6--05.png","0.73","153","153"
"memorial-hermann-2026","1412","Incontinence","6","6","6","1412--p6--06.png","/product-catalog/pdf-images/memorial-hermann-2026/1412--p6--06.png","0.73","153","153"
"memorial-hermann-2026","1413","Incontinence","6","7","7","1413--p6--07.png","/product-catalog/pdf-images/memorial-hermann-2026/1413--p6--07.png","0.73","153","153"
"memorial-hermann-2026","1414","Incontinence","6","8","8","1414--p6--08.png","/product-catalog/pdf-images/memorial-hermann-2026/1414--p6--08.png","0.73","153","153"
"memorial-hermann-2026","1112","Protective Underwear","7","1","1","1112--p7--01.png","/product-catalog/pdf-images/memorial-hermann-2026/1112--p7--01.png","1.00","152","190"
"memorial-hermann-2026","1113","Protective Underwear","7","2","2","1113--p7--02.png","/product-catalog/pdf-images/memorial-hermann-2026/1113--p7--02.png","1.00","153","153"
"memorial-hermann-2026","1114","Protective Underwear","7","3","3","1114--p7--03.png","/product-catalog/pdf-images/memorial-hermann-2026/1114--p7--03.png","1.00","153","153"
"memorial-hermann-2026","1416","Protective Underwear","7","4","4","1416--p7--04.png","/product-catalog/pdf-images/memorial-hermann-2026/1416--p7--04.png","1.00","143","190"
"memorial-hermann-2026","1423","Protective Underwear","7","5","5","1423--p7--05.png","/product-catalog/pdf-images/memorial-hermann-2026/1423--p7--05.png","1.00","145","190"
"memorial-hermann-2026","1425","Protective Underwear","7","6","6","1425--p7--06.png","/product-catalog/pdf-images/memorial-hermann-2026/1425--p7--06.png","1.00","153","176"
"memorial-hermann-2026","1788","Protective Underwear","7","7","7","1788--p7--07.png","/product-catalog/pdf-images/memorial-hermann-2026/1788--p7--07.png","1.00","153","117"
"memorial-hermann-2026","1789","Protective Underwear","7","8","8","1789--p7--08.png","/product-catalog/pdf-images/memorial-hermann-2026/1789--p7--08.png","1.00","138","190"
"memorial-hermann-2026","1791","Protective Underwear","7","9","9","1791--p7--09.png","/product-catalog/pdf-images/memorial-hermann-2026/1791--p7--09.png","1.00","153","153"
"memorial-hermann-2026","1792","Protective Underwear","7","10","10","1792--p7--10.png","/product-catalog/pdf-images/memorial-hermann-2026/1792--p7--10.png","1.00","153","142"
"memorial-hermann-2026","1793","Protective Underwear","7","11","11","1793--p7--11.png","/product-catalog/pdf-images/memorial-hermann-2026/1793--p7--11.png","1.00","153","131"
"memorial-hermann-2026","1417","Protective Underwear","8","1","1","1417--p8--01.png","/product-catalog/pdf-images/memorial-hermann-2026/1417--p8--01.png","1.00","153","153"
"memorial-hermann-2026","1418","Protective Underwear","8","2","2","1418--p8--02.png","/product-catalog/pdf-images/memorial-hermann-2026/1418--p8--02.png","1.00","153","153"
"memorial-hermann-2026","1419","Protective Underwear","8","3","3","1419--p8--03.png","/product-catalog/pdf-images/memorial-hermann-2026/1419--p8--03.png","1.00","153","153"
"memorial-hermann-2026","1614","Underpads","8","4","4","1614--p8--04.png","/product-catalog/pdf-images/memorial-hermann-2026/1614--p8--04.png","1.00","153","146"
"memorial-hermann-2026","1615","Underpads","8","5","5","1615--p8--05.png","/product-catalog/pdf-images/memorial-hermann-2026/1615--p8--05.png","1.00","153","153"
"memorial-hermann-2026","1619","Underpads","8","6","6","1619--p8--06.png","/product-catalog/pdf-images/memorial-hermann-2026/1619--p8--06.png","1.00","153","153"
"memorial-hermann-2026","1850","Protective Underwear","8","7","7","1850--p8--07.png","/product-catalog/pdf-images/memorial-hermann-2026/1850--p8--07.png","1.00","153","153"
"memorial-hermann-2026","1852","Protective Underwear","8","8","8","1852--p8--08.png","/product-catalog/pdf-images/memorial-hermann-2026/1852--p8--08.png","1.00","153","153"
"memorial-hermann-2026","1854","Protective Underwear","8","9","9","1854--p8--09.png","/product-catalog/pdf-images/memorial-hermann-2026/1854--p8--09.png","1.00","153","153"
"memorial-hermann-2026","3633","Underpads","8","10","10","3633--p8--10.png","/product-catalog/pdf-images/memorial-hermann-2026/3633--p8--10.png","1.00","153","153"
"memorial-hermann-2026","4053","Underpads","8","11","11","4053--p8--11.png","/product-catalog/pdf-images/memorial-hermann-2026/4053--p8--11.png","1.00","153","153"
"memorial-hermann-2026","1012","Medications Over the Counter","9","1","1","1012--p9--01.png","/product-catalog/pdf-images/memorial-hermann-2026/1012--p9--01.png","0.94","153","153"
"memorial-hermann-2026","1013","Medications Over the Counter","9","2","2","1013--p9--02.png","/product-catalog/pdf-images/memorial-hermann-2026/1013--p9--02.png","0.94","153","153"
"memorial-hermann-2026","1015","Medications Over the Counter","9","3","3","1015--p9--03.png","/product-catalog/pdf-images/memorial-hermann-2026/1015--p9--03.png","0.94","153","153"
"memorial-hermann-2026","1776","Medications Over the Counter","9","4","4","1776--p9--04.png","/product-catalog/pdf-images/memorial-hermann-2026/1776--p9--04.png","0.94","153","153"
"memorial-hermann-2026","3842","Medications Over the Counter","9","5","5","3842--p9--05.png","/product-catalog/pdf-images/memorial-hermann-2026/3842--p9--05.png","0.94","153","153"
"memorial-hermann-2026","4026","Medications Over the Counter","9","6","6","4026--p9--06.png","/product-catalog/pdf-images/memorial-hermann-2026/4026--p9--06.png","0.94","153","153"
"memorial-hermann-2026","6031","Medications Over the Counter","9","7","7","6031--p9--07.png","/product-catalog/pdf-images/memorial-hermann-2026/6031--p9--07.png","0.94","153","153"
"memorial-hermann-2026","6160","Medications Over the Counter","9","8","8","6160--p9--08.png","/product-catalog/pdf-images/memorial-hermann-2026/6160--p9--08.png","0.94","153","153"
"memorial-hermann-2026","6661","Medications Over the Counter","9","9","9","6661--p9--09.png","/product-catalog/pdf-images/memorial-hermann-2026/6661--p9--09.png","0.94","153","153"
"memorial-hermann-2026","8241","Medications Over the Counter","9","10","10","8241--p9--10.png","/product-catalog/pdf-images/memorial-hermann-2026/8241--p9--10.png","0.94","153","153"
"memorial-hermann-2026","1024","Medications Over the Counter","10","1","1","1024--p10--01.png","/product-catalog/pdf-images/memorial-hermann-2026/1024--p10--01.png","0.83","153","153"
"memorial-hermann-2026","1033","Medications Over the Counter","10","2","2","1033--p10--02.png","/product-catalog/pdf-images/memorial-hermann-2026/1033--p10--02.png","0.83","153","153"
"memorial-hermann-2026","1059","Medications Over the Counter","10","3","3","1059--p10--03.png","/product-catalog/pdf-images/memorial-hermann-2026/1059--p10--03.png","0.83","153","156"
"memorial-hermann-2026","1143","Medications Over the Counter","10","4","4","1143--p10--04.png","/product-catalog/pdf-images/memorial-hermann-2026/1143--p10--04.png","0.83","153","153"
"memorial-hermann-2026","1545","Medications Over the Counter","10","5","5","1545--p10--05.png","/product-catalog/pdf-images/memorial-hermann-2026/1545--p10--05.png","0.83","153","153"
"memorial-hermann-2026","3707","Medications Over the Counter","10","6","6","3707--p10--06.png","/product-catalog/pdf-images/memorial-hermann-2026/3707--p10--06.png","0.83","153","153"
"memorial-hermann-2026","3829","Medications Over the Counter","10","7","7","3829--p10--07.png","/product-catalog/pdf-images/memorial-hermann-2026/3829--p10--07.png","0.83","153","153"
"memorial-hermann-2026","5008","Medications Over the Counter","10","8","8","5008--p10--08.png","/product-catalog/pdf-images/memorial-hermann-2026/5008--p10--08.png","0.83","153","180"
"memorial-hermann-2026","6035","Medications Over the Counter","10","9","9","6035--p10--09.png","/product-catalog/pdf-images/memorial-hermann-2026/6035--p10--09.png","0.83","153","127"
"memorial-hermann-2026","6665","Medications Over the Counter","10","10","10","6665--p10--10.png","/product-catalog/pdf-images/memorial-hermann-2026/6665--p10--10.png","0.83","153","153"
"memorial-hermann-2026","1018","Medications Over the Counter","11","1","1","1018--p11--01.png","/product-catalog/pdf-images/memorial-hermann-2026/1018--p11--01.png","1.00","153","153"
"memorial-hermann-2026","1020","Medications Over the Counter","11","2","2","1020--p11--02.png","/product-catalog/pdf-images/memorial-hermann-2026/1020--p11--02.png","1.00","153","153"
"memorial-hermann-2026","1026","Medications Over the Counter","11","3","3","1026--p11--03.png","/product-catalog/pdf-images/memorial-hermann-2026/1026--p11--03.png","1.00","153","153"
"memorial-hermann-2026","1546","Medications Over the Counter","11","4","4","1546--p11--04.png","/product-catalog/pdf-images/memorial-hermann-2026/1546--p11--04.png","1.00","153","153"
"memorial-hermann-2026","1867","Medications Over the Counter","11","5","5","1867--p11--05.png","/product-catalog/pdf-images/memorial-hermann-2026/1867--p11--05.png","1.00","153","151"
"memorial-hermann-2026","1870","Medications Over the Counter","11","6","6","1870--p11--06.png","/product-catalog/pdf-images/memorial-hermann-2026/1870--p11--06.png","1.00","137","190"
"memorial-hermann-2026","3833","Medications Over the Counter","11","7","7","3833--p11--07.png","/product-catalog/pdf-images/memorial-hermann-2026/3833--p11--07.png","1.00","153","153"
"memorial-hermann-2026","3869","Medications Over the Counter","11","8","8","3869--p11--08.png","/product-catalog/pdf-images/memorial-hermann-2026/3869--p11--08.png","1.00","153","153"
"memorial-hermann-2026","6670","Medications Over the Counter","11","9","9","6670--p11--09.png","/product-catalog/pdf-images/memorial-hermann-2026/6670--p11--09.png","1.00","153","153"
"memorial-hermann-2026","6671","Medications Over the Counter","11","10","10","6671--p11--10.png","/product-catalog/pdf-images/memorial-hermann-2026/6671--p11--10.png","1.00","153","153"
"memorial-hermann-2026","6673","Medications Over the Counter","11","11","11","6673--p11--11.png","/product-catalog/pdf-images/memorial-hermann-2026/6673--p11--11.png","1.00","153","153"
"memorial-hermann-2026","6681","Medications Over the Counter","11","12","12","6681--p11--12.png","/product-catalog/pdf-images/memorial-hermann-2026/6681--p11--12.png","1.00","153","156"
"memorial-hermann-2026","1011","Medications Over the Counter","12","1","1","1011--p12--01.png","/product-catalog/pdf-images/memorial-hermann-2026/1011--p12--01.png","1.00","153","153"
"memorial-hermann-2026","1028","Medications Over the Counter","12","2","2","1028--p12--02.png","/product-catalog/pdf-images/memorial-hermann-2026/1028--p12--02.png","1.00","153","153"
"memorial-hermann-2026","1489","Medications Over the Counter","12","3","3","1489--p12--03.png","/product-catalog/pdf-images/memorial-hermann-2026/1489--p12--03.png","1.00","153","153"
"memorial-hermann-2026","1556","Medications Over the Counter","12","4","4","1556--p12--04.png","/product-catalog/pdf-images/memorial-hermann-2026/1556--p12--04.png","1.00","153","153"
"memorial-hermann-2026","1600","Medications Over the Counter","12","5","5","1600--p12--05.png","/product-catalog/pdf-images/memorial-hermann-2026/1600--p12--05.png","1.00","153","153"
"memorial-hermann-2026","1602","Medications Over the Counter","12","6","6","1602--p12--06.png","/product-catalog/pdf-images/memorial-hermann-2026/1602--p12--06.png","1.00","153","153"
"memorial-hermann-2026","3695","Medications Over the Counter","12","7","7","3695--p12--07.png","/product-catalog/pdf-images/memorial-hermann-2026/3695--p12--07.png","1.00","153","153"
"memorial-hermann-2026","3708","Medications Over the Counter","12","8","8","3708--p12--08.png","/product-catalog/pdf-images/memorial-hermann-2026/3708--p12--08.png","1.00","153","153"
"memorial-hermann-2026","3908","Medications Over the Counter","12","9","9","3908--p12--09.png","/product-catalog/pdf-images/memorial-hermann-2026/3908--p12--09.png","1.00","153","153"
"memorial-hermann-2026","3972","Medications Over the Counter","12","10","10","3972--p12--10.png","/product-catalog/pdf-images/memorial-hermann-2026/3972--p12--10.png","1.00","153","153"
"memorial-hermann-2026","6685","Medications Over the Counter","12","11","11","6685--p12--11.png","/product-catalog/pdf-images/memorial-hermann-2026/6685--p12--11.png","1.00","143","190"
"memorial-hermann-2026","6686","Medications Over the Counter","12","12","12","6686--p12--12.png","/product-catalog/pdf-images/memorial-hermann-2026/6686--p12--12.png","1.00","153","153"
"memorial-hermann-2026","1132","Pain & Fever Relief","13","1","1","1132--p13--01.png","/product-catalog/pdf-images/memorial-hermann-2026/1132--p13--01.png","0.95","153","153"
"memorial-hermann-2026","1158","Pain & Fever Relief","13","2","2","1158--p13--02.png","/product-catalog/pdf-images/memorial-hermann-2026/1158--p13--02.png","0.95","153","153"
"memorial-hermann-2026","1186","Pain & Fever Relief","13","3","3","1186--p13--03.png","/product-catalog/pdf-images/memorial-hermann-2026/1186--p13--03.png","0.95","153","153"
"memorial-hermann-2026","1317","Pain & Fever Relief","13","4","4","1317--p13--04.png","/product-catalog/pdf-images/memorial-hermann-2026/1317--p13--04.png","0.95","153","153"
"memorial-hermann-2026","1557","Pain & Fever Relief","13","5","5","1557--p13--05.png","/product-catalog/pdf-images/memorial-hermann-2026/1557--p13--05.png","0.95","153","135"
"memorial-hermann-2026","2301","Pain & Fever Relief","13","6","6","2301--p13--06.png","/product-catalog/pdf-images/memorial-hermann-2026/2301--p13--06.png","0.95","153","153"
"memorial-hermann-2026","3874","Pain & Fever Relief","13","7","7","3874--p13--07.png","/product-catalog/pdf-images/memorial-hermann-2026/3874--p13--07.png","0.95","153","153"
"memorial-hermann-2026","3876","Pain & Fever Relief","13","8","8","3876--p13--08.png","/product-catalog/pdf-images/memorial-hermann-2026/3876--p13--08.png","0.95","153","153"
"memorial-hermann-2026","6034","Pain & Fever Relief","13","9","9","6034--p13--09.png","/product-catalog/pdf-images/memorial-hermann-2026/6034--p13--09.png","0.95","153","153"
"memorial-hermann-2026","6698","Pain & Fever Relief","13","10","10","6698--p13--10.png","/product-catalog/pdf-images/memorial-hermann-2026/6698--p13--10.png","0.95","153","153"
"memorial-hermann-2026","7425","Pain & Fever Relief","13","11","11","7425--p13--11.png","/product-catalog/pdf-images/memorial-hermann-2026/7425--p13--11.png","0.95","153","153"
"memorial-hermann-2026","1190","Pain & Fever Relief","14","1","1","1190--p14--01.png","/product-catalog/pdf-images/memorial-hermann-2026/1190--p14--01.png","0.95","153","172"
"memorial-hermann-2026","1191","Pain & Fever Relief","14","2","2","1191--p14--02.png","/product-catalog/pdf-images/memorial-hermann-2026/1191--p14--02.png","0.95","153","153"
"memorial-hermann-2026","1195","Pain & Fever Relief","14","3","3","1195--p14--03.png","/product-catalog/pdf-images/memorial-hermann-2026/1195--p14--03.png","0.95","153","179"
"memorial-hermann-2026","1207","Pain & Fever Relief","14","4","4","1207--p14--04.png","/product-catalog/pdf-images/memorial-hermann-2026/1207--p14--04.png","0.95","153","153"
"memorial-hermann-2026","1349","Pain & Fever Relief","14","5","5","1349--p14--05.png","/product-catalog/pdf-images/memorial-hermann-2026/1349--p14--05.png","0.95","153","153"
"memorial-hermann-2026","1715","Pain & Fever Relief","14","6","6","1715--p14--06.png","/product-catalog/pdf-images/memorial-hermann-2026/1715--p14--06.png","0.95","153","153"
"memorial-hermann-2026","1886","Pain & Fever Relief","14","7","7","1886--p14--07.png","/product-catalog/pdf-images/memorial-hermann-2026/1886--p14--07.png","0.95","153","153"
"memorial-hermann-2026","3873","Pain & Fever Relief","14","8","8","3873--p14--08.png","/product-catalog/pdf-images/memorial-hermann-2026/3873--p14--08.png","0.95","153","153"
"memorial-hermann-2026","3909","Pain & Fever Relief","14","9","9","3909--p14--09.png","/product-catalog/pdf-images/memorial-hermann-2026/3909--p14--09.png","0.95","153","153"
"memorial-hermann-2026","5053","Pain & Fever Relief","14","10","10","5053--p14--10.png","/product-catalog/pdf-images/memorial-hermann-2026/5053--p14--10.png","0.95","153","153"
"memorial-hermann-2026","6008","Pain & Fever Relief","14","11","11","6008--p14--11.png","/product-catalog/pdf-images/memorial-hermann-2026/6008--p14--11.png","0.95","153","153"
"memorial-hermann-2026","1187","Pain & Fever Relief","15","1","1","1187--p15--01.png","/product-catalog/pdf-images/memorial-hermann-2026/1187--p15--01.png","0.95","153","153"
"memorial-hermann-2026","1309","Pain & Fever Relief","15","2","2","1309--p15--02.png","/product-catalog/pdf-images/memorial-hermann-2026/1309--p15--02.png","0.95","153","153"
"memorial-hermann-2026","2033","Pain & Fever Relief","15","3","3","2033--p15--03.png","/product-catalog/pdf-images/memorial-hermann-2026/2033--p15--03.png","0.95","153","153"
"memorial-hermann-2026","2034","Pain & Fever Relief","15","4","4","2034--p15--04.png","/product-catalog/pdf-images/memorial-hermann-2026/2034--p15--04.png","0.95","153","153"
"memorial-hermann-2026","2221","Pain & Fever Relief","15","5","5","2221--p15--05.png","/product-catalog/pdf-images/memorial-hermann-2026/2221--p15--05.png","0.95","153","153"
"memorial-hermann-2026","2225","Pain & Fever Relief","15","6","6","2225--p15--06.png","/product-catalog/pdf-images/memorial-hermann-2026/2225--p15--06.png","0.95","153","153"
"memorial-hermann-2026","4201","Pain & Fever Relief","15","7","7","4201--p15--07.png","/product-catalog/pdf-images/memorial-hermann-2026/4201--p15--07.png","0.95","153","153"
"memorial-hermann-2026","6171","Pain & Fever Relief","15","8","8","6171--p15--08.png","/product-catalog/pdf-images/memorial-hermann-2026/6171--p15--08.png","0.95","153","153"
"memorial-hermann-2026","6172","Pain & Fever Relief","15","9","9","6172--p15--09.png","/product-catalog/pdf-images/memorial-hermann-2026/6172--p15--09.png","0.95","153","153"
"memorial-hermann-2026","6718","Pain & Fever Relief","15","10","10","6718--p15--10.png","/product-catalog/pdf-images/memorial-hermann-2026/6718--p15--10.png","0.95","153","153"
"memorial-hermann-2026","7434","Pain & Fever Relief","15","11","11","7434--p15--11.png","/product-catalog/pdf-images/memorial-hermann-2026/7434--p15--11.png","0.95","153","153"
"memorial-hermann-2026","1203","Pain & Fever Relief","16","1","1","1203--p16--01.png","/product-catalog/pdf-images/memorial-hermann-2026/1203--p16--01.png","0.95","153","137"
"memorial-hermann-2026","1205","Pain & Fever Relief","16","2","2","1205--p16--02.png","/product-catalog/pdf-images/memorial-hermann-2026/1205--p16--02.png","0.95","153","153"
"memorial-hermann-2026","1208","Pain & Fever Relief","16","3","3","1208--p16--03.png","/product-catalog/pdf-images/memorial-hermann-2026/1208--p16--03.png","0.95","153","153"
"memorial-hermann-2026","1216","Stomach Remedies","16","4","4","1216--p16--04.png","/product-catalog/pdf-images/memorial-hermann-2026/1216--p16--04.png","0.95","153","153"
"memorial-hermann-2026","1320","Pain & Fever Relief","16","5","5","1320--p16--05.png","/product-catalog/pdf-images/memorial-hermann-2026/1320--p16--05.png","0.95","153","153"
"memorial-hermann-2026","1325","Stomach Remedies","16","6","6","1325--p16--06.png","/product-catalog/pdf-images/memorial-hermann-2026/1325--p16--06.png","0.95","153","153"
"memorial-hermann-2026","1326","Pain & Fever Relief","16","7","7","1326--p16--07.png","/product-catalog/pdf-images/memorial-hermann-2026/1326--p16--07.png","0.95","153","153"
"memorial-hermann-2026","1555","Pain & Fever Relief","16","8","8","1555--p16--08.png","/product-catalog/pdf-images/memorial-hermann-2026/1555--p16--08.png","0.95","153","153"
"memorial-hermann-2026","2262","Pain & Fever Relief","16","9","9","2262--p16--09.png","/product-catalog/pdf-images/memorial-hermann-2026/2262--p16--09.png","0.95","153","153"
"memorial-hermann-2026","3863","Stomach Remedies","16","10","10","3863--p16--10.png","/product-catalog/pdf-images/memorial-hermann-2026/3863--p16--10.png","0.95","153","153"
"memorial-hermann-2026","3904","Stomach Remedies","16","11","11","3904--p16--11.png","/product-catalog/pdf-images/memorial-hermann-2026/3904--p16--11.png","0.95","153","131"
"memorial-hermann-2026","1217","Stomach Remedies","17","1","1","1217--p17--01.png","/product-catalog/pdf-images/memorial-hermann-2026/1217--p17--01.png","1.00","153","153"
"memorial-hermann-2026","1221","Stomach Remedies","17","2","2","1221--p17--02.png","/product-catalog/pdf-images/memorial-hermann-2026/1221--p17--02.png","1.00","153","153"
"memorial-hermann-2026","1240","Stomach Remedies","17","3","3","1240--p17--03.png","/product-catalog/pdf-images/memorial-hermann-2026/1240--p17--03.png","1.00","153","153"
"memorial-hermann-2026","1731","Stomach Remedies","17","4","4","1731--p17--04.png","/product-catalog/pdf-images/memorial-hermann-2026/1731--p17--04.png","1.00","153","153"
"memorial-hermann-2026","1910","Stomach Remedies","17","5","5","1910--p17--05.png","/product-catalog/pdf-images/memorial-hermann-2026/1910--p17--05.png","1.00","153","153"
"memorial-hermann-2026","3871","Stomach Remedies","17","6","6","3871--p17--06.png","/product-catalog/pdf-images/memorial-hermann-2026/3871--p17--06.png","1.00","153","153"
"memorial-hermann-2026","4144","Stomach Remedies","17","7","7","4144--p17--07.png","/product-catalog/pdf-images/memorial-hermann-2026/4144--p17--07.png","1.00","153","153"
"memorial-hermann-2026","6102","Stomach Remedies","17","8","8","6102--p17--08.png","/product-catalog/pdf-images/memorial-hermann-2026/6102--p17--08.png","1.00","153","153"
"memorial-hermann-2026","6113","Stomach Remedies","17","9","9","6113--p17--09.png","/product-catalog/pdf-images/memorial-hermann-2026/6113--p17--09.png","1.00","153","153"
"memorial-hermann-2026","6193","Stomach Remedies","17","10","10","6193--p17--10.png","/product-catalog/pdf-images/memorial-hermann-2026/6193--p17--10.png","1.00","153","153"
"memorial-hermann-2026","7476","Stomach Remedies","17","11","11","7476--p17--11.png","/product-catalog/pdf-images/memorial-hermann-2026/7476--p17--11.png","1.00","153","153"
"memorial-hermann-2026","7909","Stomach Remedies","17","12","12","7909--p17--12.png","/product-catalog/pdf-images/memorial-hermann-2026/7909--p17--12.png","1.00","153","153"
"memorial-hermann-2026","1231","Stomach Remedies","18","1","1","1231--p18--01.png","/product-catalog/pdf-images/memorial-hermann-2026/1231--p18--01.png","1.00","153","153"
"memorial-hermann-2026","1234","Stomach Remedies","18","2","2","1234--p18--02.png","/product-catalog/pdf-images/memorial-hermann-2026/1234--p18--02.png","1.00","153","153"
"memorial-hermann-2026","1237","Stomach Remedies","18","3","3","1237--p18--03.png","/product-catalog/pdf-images/memorial-hermann-2026/1237--p18--03.png","1.00","153","153"
"memorial-hermann-2026","1732","Stomach Remedies","18","4","4","1732--p18--04.png","/product-catalog/pdf-images/memorial-hermann-2026/1732--p18--04.png","1.00","153","153"
"memorial-hermann-2026","2060","Stomach Remedies","18","5","5","2060--p18--05.png","/product-catalog/pdf-images/memorial-hermann-2026/2060--p18--05.png","1.00","153","168"
"memorial-hermann-2026","5013","Mobility","18","6","6","5013--p18--06.png","/product-catalog/pdf-images/memorial-hermann-2026/5013--p18--06.png","1.00","153","153"
"memorial-hermann-2026","6127","Stomach Remedies","18","7","7","6127--p18--07.png","/product-catalog/pdf-images/memorial-hermann-2026/6127--p18--07.png","1.00","153","173"
"memorial-hermann-2026","6733","Stomach Remedies","18","8","8","6733--p18--08.png","/product-catalog/pdf-images/memorial-hermann-2026/6733--p18--08.png","1.00","153","153"
"memorial-hermann-2026","7229","Stomach Remedies","18","9","9","7229--p18--09.png","/product-catalog/pdf-images/memorial-hermann-2026/7229--p18--09.png","1.00","153","153"
"memorial-hermann-2026","7500","Stomach Remedies","18","10","10","7500--p18--10.png","/product-catalog/pdf-images/memorial-hermann-2026/7500--p18--10.png","1.00","153","153"
"memorial-hermann-2026","7966","Stomach Remedies","18","11","11","7966--p18--11.png","/product-catalog/pdf-images/memorial-hermann-2026/7966--p18--11.png","1.00","153","153"
"memorial-hermann-2026","1051","Mobility","19","1","1","1051--p19--01.png","/product-catalog/pdf-images/memorial-hermann-2026/1051--p19--01.png","0.93","153","153"
"memorial-hermann-2026","1363","Mobility","19","2","2","1363--p19--02.png","/product-catalog/pdf-images/memorial-hermann-2026/1363--p19--02.png","0.93","153","153"
"memorial-hermann-2026","1647","Mobility","19","3","3","1647--p19--03.png","/product-catalog/pdf-images/memorial-hermann-2026/1647--p19--03.png","0.93","153","153"
"memorial-hermann-2026","2164","Mobility","19","4","4","2164--p19--04.png","/product-catalog/pdf-images/memorial-hermann-2026/2164--p19--04.png","0.93","153","153"
"memorial-hermann-2026","3956","Mobility","19","5","5","3956--p19--05.png","/product-catalog/pdf-images/memorial-hermann-2026/3956--p19--05.png","0.93","153","153"
"memorial-hermann-2026","3977","Mobility","19","6","6","3977--p19--06.png","/product-catalog/pdf-images/memorial-hermann-2026/3977--p19--06.png","0.93","148","190"
"memorial-hermann-2026","4170","Mobility","19","7","7","4170--p19--07.png","/product-catalog/pdf-images/memorial-hermann-2026/4170--p19--07.png","0.93","153","153"
"memorial-hermann-2026","6044","Mobility","19","8","8","6044--p19--08.png","/product-catalog/pdf-images/memorial-hermann-2026/6044--p19--08.png","0.93","153","153"
"memorial-hermann-2026","6861","Mobility","19","9","9","6861--p19--09.png","/product-catalog/pdf-images/memorial-hermann-2026/6861--p19--09.png","0.93","153","147"
"memorial-hermann-2026","1035","Mobility","20","1","1","1035--p20--01.png","/product-catalog/pdf-images/memorial-hermann-2026/1035--p20--01.png","0.73","153","153"
"memorial-hermann-2026","1103","Mobility","20","2","2","1103--p20--02.png","/product-catalog/pdf-images/memorial-hermann-2026/1103--p20--02.png","0.73","153","151"
"memorial-hermann-2026","1466","Mobility","20","3","3","1466--p20--03.png","/product-catalog/pdf-images/memorial-hermann-2026/1466--p20--03.png","0.73","153","153"
"memorial-hermann-2026","1630","Mobility","20","4","4","1630--p20--04.png","/product-catalog/pdf-images/memorial-hermann-2026/1630--p20--04.png","0.73","153","153"
"memorial-hermann-2026","1858","Mobility","20","5","5","1858--p20--05.png","/product-catalog/pdf-images/memorial-hermann-2026/1858--p20--05.png","0.73","153","153"
"memorial-hermann-2026","2241","Mobility","20","6","6","2241--p20--06.png","/product-catalog/pdf-images/memorial-hermann-2026/2241--p20--06.png","0.73","153","153"
"memorial-hermann-2026","2256","Mobility","20","7","7","2256--p20--07.png","/product-catalog/pdf-images/memorial-hermann-2026/2256--p20--07.png","0.73","153","166"
"memorial-hermann-2026","3786","Mobility","20","8","8","3786--p20--08.png","/product-catalog/pdf-images/memorial-hermann-2026/3786--p20--08.png","0.73","151","190"
"memorial-hermann-2026","1440","Foot Care","21","1","1","1440--p21--01.png","/product-catalog/pdf-images/memorial-hermann-2026/1440--p21--01.png","0.94","153","153"
"memorial-hermann-2026","1631","Foot Care","21","2","2","1631--p21--02.png","/product-catalog/pdf-images/memorial-hermann-2026/1631--p21--02.png","0.94","153","153"
"memorial-hermann-2026","3758","Foot Care","21","3","3","3758--p21--03.png","/product-catalog/pdf-images/memorial-hermann-2026/3758--p21--03.png","0.94","153","153"
"memorial-hermann-2026","4103","Foot Care","21","4","4","4103--p21--04.png","/product-catalog/pdf-images/memorial-hermann-2026/4103--p21--04.png","0.94","153","153"
"memorial-hermann-2026","5010","Foot Care","21","5","5","5010--p21--05.png","/product-catalog/pdf-images/memorial-hermann-2026/5010--p21--05.png","0.94","153","153"
"memorial-hermann-2026","5059","Foot Care","21","6","6","5059--p21--06.png","/product-catalog/pdf-images/memorial-hermann-2026/5059--p21--06.png","0.94","153","153"
"memorial-hermann-2026","6053","Foot Care","21","7","7","6053--p21--07.png","/product-catalog/pdf-images/memorial-hermann-2026/6053--p21--07.png","0.94","153","153"
"memorial-hermann-2026","6157","Foot Care","21","8","8","6157--p21--08.png","/product-catalog/pdf-images/memorial-hermann-2026/6157--p21--08.png","0.94","153","153"
"memorial-hermann-2026","6876","Foot Care","21","9","9","6876--p21--09.png","/product-catalog/pdf-images/memorial-hermann-2026/6876--p21--09.png","0.94","153","153"
"memorial-hermann-2026","6877","Foot Care","21","10","10","6877--p21--10.png","/product-catalog/pdf-images/memorial-hermann-2026/6877--p21--10.png","0.94","153","153"
"memorial-hermann-2026","1154","Oral Care","22","1","1","1154--p22--01.png","/product-catalog/pdf-images/memorial-hermann-2026/1154--p22--01.png","1.00","142","190"
"memorial-hermann-2026","1155","Oral Care","22","2","2","1155--p22--02.png","/product-catalog/pdf-images/memorial-hermann-2026/1155--p22--02.png","1.00","153","153"
"memorial-hermann-2026","1308","Oral Care","22","3","3","1308--p22--03.png","/product-catalog/pdf-images/memorial-hermann-2026/1308--p22--03.png","1.00","153","153"
"memorial-hermann-2026","1469","Foot Care","22","4","4","1469--p22--04.png","/product-catalog/pdf-images/memorial-hermann-2026/1469--p22--04.png","1.00","153","153"
"memorial-hermann-2026","2227","Oral Care","22","5","5","2227--p22--05.png","/product-catalog/pdf-images/memorial-hermann-2026/2227--p22--05.png","1.00","153","172"
"memorial-hermann-2026","2321","Oral Care","22","6","6","2321--p22--06.png","/product-catalog/pdf-images/memorial-hermann-2026/2321--p22--06.png","1.00","153","153"
"memorial-hermann-2026","3784","Oral Care","22","7","7","3784--p22--07.png","/product-catalog/pdf-images/memorial-hermann-2026/3784--p22--07.png","1.00","153","153"
"memorial-hermann-2026","5003","Oral Care","22","8","8","5003--p22--08.png","/product-catalog/pdf-images/memorial-hermann-2026/5003--p22--08.png","1.00","153","129"
"memorial-hermann-2026","6192","Oral Care","22","9","9","6192--p22--09.png","/product-catalog/pdf-images/memorial-hermann-2026/6192--p22--09.png","1.00","153","153"
"memorial-hermann-2026","6919","Oral Care","22","10","10","6919--p22--10.png","/product-catalog/pdf-images/memorial-hermann-2026/6919--p22--10.png","1.00","153","153"
"memorial-hermann-2026","8662","Oral Care","22","11","11","8662--p22--11.png","/product-catalog/pdf-images/memorial-hermann-2026/8662--p22--11.png","1.00","153","153"
"memorial-hermann-2026","1151","Oral Care","23","1","1","1151--p23--01.png","/product-catalog/pdf-images/memorial-hermann-2026/1151--p23--01.png","0.75","153","153"
"memorial-hermann-2026","1410","Oral Care","23","2","2","1410--p23--02.png","/product-catalog/pdf-images/memorial-hermann-2026/1410--p23--02.png","0.75","153","153"
"memorial-hermann-2026","1482","Oral Care","23","3","3","1482--p23--03.png","/product-catalog/pdf-images/memorial-hermann-2026/1482--p23--03.png","0.75","153","153"
"memorial-hermann-2026","1883","Oral Care","23","4","4","1883--p23--04.png","/product-catalog/pdf-images/memorial-hermann-2026/1883--p23--04.png","0.75","153","153"
"memorial-hermann-2026","3749","Oral Care","23","5","5","3749--p23--05.png","/product-catalog/pdf-images/memorial-hermann-2026/3749--p23--05.png","0.75","153","153"
"memorial-hermann-2026","3779","Oral Care","23","6","6","3779--p23--06.png","/product-catalog/pdf-images/memorial-hermann-2026/3779--p23--06.png","0.75","153","153"
"memorial-hermann-2026","5009","Oral Care","23","7","7","5009--p23--07.png","/product-catalog/pdf-images/memorial-hermann-2026/5009--p23--07.png","0.75","153","153"
"memorial-hermann-2026","6067","Oral Care","23","8","8","6067--p23--08.png","/product-catalog/pdf-images/memorial-hermann-2026/6067--p23--08.png","0.75","153","153"
"memorial-hermann-2026","6196","Oral Care","23","9","9","6196--p23--09.png","/product-catalog/pdf-images/memorial-hermann-2026/6196--p23--09.png","0.75","153","153"
"memorial-hermann-2026","1076","Oral Care","24","1","1","1076--p24--01.png","/product-catalog/pdf-images/memorial-hermann-2026/1076--p24--01.png","0.95","153","153"
"memorial-hermann-2026","1161","Oral Care","24","2","2","1161--p24--02.png","/product-catalog/pdf-images/memorial-hermann-2026/1161--p24--02.png","0.95","153","153"
"memorial-hermann-2026","1247","Oral Care","24","3","3","1247--p24--03.png","/product-catalog/pdf-images/memorial-hermann-2026/1247--p24--03.png","0.95","153","153"
"memorial-hermann-2026","1385","Oral Care","24","4","4","1385--p24--04.png","/product-catalog/pdf-images/memorial-hermann-2026/1385--p24--04.png","0.95","153","153"
"memorial-hermann-2026","3746","Oral Care","24","5","5","3746--p24--05.png","/product-catalog/pdf-images/memorial-hermann-2026/3746--p24--05.png","0.95","153","153"
"memorial-hermann-2026","3747","Oral Care","24","6","6","3747--p24--06.png","/product-catalog/pdf-images/memorial-hermann-2026/3747--p24--06.png","0.95","144","190"
"memorial-hermann-2026","4110","Oral Care","24","7","7","4110--p24--07.png","/product-catalog/pdf-images/memorial-hermann-2026/4110--p24--07.png","0.95","153","153"
"memorial-hermann-2026","4172","Oral Care","24","8","8","4172--p24--08.png","/product-catalog/pdf-images/memorial-hermann-2026/4172--p24--08.png","0.95","153","153"
"memorial-hermann-2026","5007","Oral Care","24","9","9","5007--p24--09.png","/product-catalog/pdf-images/memorial-hermann-2026/5007--p24--09.png","0.95","153","153"
"memorial-hermann-2026","6076","Oral Care","24","10","10","6076--p24--10.png","/product-catalog/pdf-images/memorial-hermann-2026/6076--p24--10.png","0.95","153","153"
"memorial-hermann-2026","6913","Oral Care","24","11","11","6913--p24--11.png","/product-catalog/pdf-images/memorial-hermann-2026/6913--p24--11.png","0.95","153","153"
"memorial-hermann-2026","1106","Oral Care","25","1","1","1106--p25--01.png","/product-catalog/pdf-images/memorial-hermann-2026/1106--p25--01.png","0.83","153","153"
"memorial-hermann-2026","3605","Oral Care","25","2","2","3605--p25--02.png","/product-catalog/pdf-images/memorial-hermann-2026/3605--p25--02.png","0.83","153","153"
"memorial-hermann-2026","3752","Oral Care","25","3","3","3752--p25--03.png","/product-catalog/pdf-images/memorial-hermann-2026/3752--p25--03.png","0.83","153","153"
"memorial-hermann-2026","3763","Oral Care","25","4","4","3763--p25--04.png","/product-catalog/pdf-images/memorial-hermann-2026/3763--p25--04.png","0.83","153","121"
"memorial-hermann-2026","4167","Oral Care","25","5","5","4167--p25--05.png","/product-catalog/pdf-images/memorial-hermann-2026/4167--p25--05.png","0.83","153","153"
"memorial-hermann-2026","6004","Oral Care","25","6","6","6004--p25--06.png","/product-catalog/pdf-images/memorial-hermann-2026/6004--p25--06.png","0.83","153","153"
"memorial-hermann-2026","6965","Oral Care","25","7","7","6965--p25--07.png","/product-catalog/pdf-images/memorial-hermann-2026/6965--p25--07.png","0.83","145","190"
"memorial-hermann-2026","7023","Oral Care","25","8","8","7023--p25--08.png","/product-catalog/pdf-images/memorial-hermann-2026/7023--p25--08.png","0.83","153","153"
"memorial-hermann-2026","7209","Oral Care","25","9","9","7209--p25--09.png","/product-catalog/pdf-images/memorial-hermann-2026/7209--p25--09.png","0.83","153","153"
"memorial-hermann-2026","7688","Oral Care","25","10","10","7688--p25--10.png","/product-catalog/pdf-images/memorial-hermann-2026/7688--p25--10.png","0.83","153","153"
"memorial-hermann-2026","1170","Oral Care","26","1","1","1170--p26--01.png","/product-catalog/pdf-images/memorial-hermann-2026/1170--p26--01.png","0.75","153","153"
"memorial-hermann-2026","1171","Oral Care","26","2","2","1171--p26--02.png","/product-catalog/pdf-images/memorial-hermann-2026/1171--p26--02.png","0.75","153","153"
"memorial-hermann-2026","1172","Oral Care","26","3","3","1172--p26--03.png","/product-catalog/pdf-images/memorial-hermann-2026/1172--p26--03.png","0.75","153","153"
"memorial-hermann-2026","1536","Oral Care","26","4","4","1536--p26--04.png","/product-catalog/pdf-images/memorial-hermann-2026/1536--p26--04.png","0.75","153","153"
"memorial-hermann-2026","1742","Oral Care","26","5","5","1742--p26--05.png","/product-catalog/pdf-images/memorial-hermann-2026/1742--p26--05.png","0.75","153","153"
"memorial-hermann-2026","3738","Oral Care","26","6","6","3738--p26--06.png","/product-catalog/pdf-images/memorial-hermann-2026/3738--p26--06.png","0.75","153","136"
"memorial-hermann-2026","4157","Oral Care","26","7","7","4157--p26--07.png","/product-catalog/pdf-images/memorial-hermann-2026/4157--p26--07.png","0.75","153","122"
"memorial-hermann-2026","4158","Oral Care","26","8","8","4158--p26--08.png","/product-catalog/pdf-images/memorial-hermann-2026/4158--p26--08.png","0.75","153","153"
"memorial-hermann-2026","4159","Oral Care","26","9","9","4159--p26--09.png","/product-catalog/pdf-images/memorial-hermann-2026/4159--p26--09.png","0.75","153","153"
"memorial-hermann-2026","1041","Oral Care","29","1","1","1041--p29--01.png","/product-catalog/pdf-images/memorial-hermann-2026/1041--p29--01.png","0.83","153","153"
"memorial-hermann-2026","1322","Oral Care","29","2","2","1322--p29--02.png","/product-catalog/pdf-images/memorial-hermann-2026/1322--p29--02.png","0.83","153","153"
"memorial-hermann-2026","1377","Oral Care","29","3","3","1377--p29--03.png","/product-catalog/pdf-images/memorial-hermann-2026/1377--p29--03.png","0.83","153","153"
"memorial-hermann-2026","1915","Oral Care","29","4","4","1915--p29--04.png","/product-catalog/pdf-images/memorial-hermann-2026/1915--p29--04.png","0.83","153","153"
"memorial-hermann-2026","1934","Oral Care","29","5","5","1934--p29--05.png","/product-catalog/pdf-images/memorial-hermann-2026/1934--p29--05.png","0.83","153","190"
"memorial-hermann-2026","3384","Oral Care","29","6","6","3384--p29--06.png","/product-catalog/pdf-images/memorial-hermann-2026/3384--p29--06.png","0.83","153","153"
"memorial-hermann-2026","3450","Oral Care","29","7","7","3450--p29--07.png","/product-catalog/pdf-images/memorial-hermann-2026/3450--p29--07.png","0.83","149","190"
"memorial-hermann-2026","3969","Oral Care","29","8","8","3969--p29--08.png","/product-catalog/pdf-images/memorial-hermann-2026/3969--p29--08.png","0.83","149","190"
"memorial-hermann-2026","6235","Oral Care","29","9","9","6235--p29--09.png","/product-catalog/pdf-images/memorial-hermann-2026/6235--p29--09.png","0.83","149","190"
"memorial-hermann-2026","7762","Oral Care","29","10","10","7762--p29--10.png","/product-catalog/pdf-images/memorial-hermann-2026/7762--p29--10.png","0.83","149","190"
"memorial-hermann-2026","1265","Oral Care","30","1","1","1265--p30--01.png","/product-catalog/pdf-images/memorial-hermann-2026/1265--p30--01.png","1.00","153","153"
"memorial-hermann-2026","1286","Oral Care","30","2","2","1286--p30--02.png","/product-catalog/pdf-images/memorial-hermann-2026/1286--p30--02.png","1.00","153","153"
"memorial-hermann-2026","1289","Oral Care","30","3","3","1289--p30--03.png","/product-catalog/pdf-images/memorial-hermann-2026/1289--p30--03.png","1.00","153","153"
"memorial-hermann-2026","1526","Oral Care","30","4","4","1526--p30--04.png","/product-catalog/pdf-images/memorial-hermann-2026/1526--p30--04.png","1.00","153","156"
"memorial-hermann-2026","1734","Oral Care","30","5","5","1734--p30--05.png","/product-catalog/pdf-images/memorial-hermann-2026/1734--p30--05.png","1.00","153","153"
"memorial-hermann-2026","2061","Oral Care","30","6","6","2061--p30--06.png","/product-catalog/pdf-images/memorial-hermann-2026/2061--p30--06.png","1.00","153","153"
"memorial-hermann-2026","6103","Oral Care","30","7","7","6103--p30--07.png","/product-catalog/pdf-images/memorial-hermann-2026/6103--p30--07.png","1.00","153","138"
"memorial-hermann-2026","6106","Oral Care","30","8","8","6106--p30--08.png","/product-catalog/pdf-images/memorial-hermann-2026/6106--p30--08.png","1.00","153","153"
"memorial-hermann-2026","6108","Oral Care","30","9","9","6108--p30--09.png","/product-catalog/pdf-images/memorial-hermann-2026/6108--p30--09.png","1.00","153","153"
"memorial-hermann-2026","6254","Oral Care","30","10","10","6254--p30--10.png","/product-catalog/pdf-images/memorial-hermann-2026/6254--p30--10.png","1.00","153","153"
"memorial-hermann-2026","1295","Oral Care","31","1","1","1295--p31--01.png","/product-catalog/pdf-images/memorial-hermann-2026/1295--p31--01.png","0.83","153","153"
"memorial-hermann-2026","1745","Oral Care","31","2","2","1745--p31--02.png","/product-catalog/pdf-images/memorial-hermann-2026/1745--p31--02.png","0.83","153","153"
"memorial-hermann-2026","1749","Oral Care","31","3","3","1749--p31--03.png","/product-catalog/pdf-images/memorial-hermann-2026/1749--p31--03.png","0.83","153","153"
"memorial-hermann-2026","1751","Oral Care","31","4","4","1751--p31--04.png","/product-catalog/pdf-images/memorial-hermann-2026/1751--p31--04.png","0.83","153","153"
"memorial-hermann-2026","1754","Oral Care","31","5","5","1754--p31--05.png","/product-catalog/pdf-images/memorial-hermann-2026/1754--p31--05.png","0.83","153","153"
"memorial-hermann-2026","2233","Oral Care","31","6","6","2233--p31--06.png","/product-catalog/pdf-images/memorial-hermann-2026/2233--p31--06.png","0.83","153","153"
"memorial-hermann-2026","6234","Oral Care","31","7","7","6234--p31--07.png","/product-catalog/pdf-images/memorial-hermann-2026/6234--p31--07.png","0.83","153","153"
"memorial-hermann-2026","7242","Oral Care","31","8","8","7242--p31--08.png","/product-catalog/pdf-images/memorial-hermann-2026/7242--p31--08.png","0.83","153","153"
"memorial-hermann-2026","7243","Oral Care","31","9","9","7243--p31--09.png","/product-catalog/pdf-images/memorial-hermann-2026/7243--p31--09.png","0.83","153","153"
"memorial-hermann-2026","7247","Oral Care","31","10","10","7247--p31--10.png","/product-catalog/pdf-images/memorial-hermann-2026/7247--p31--10.png","0.83","153","153"
"memorial-hermann-2026","1261","Oral Care","32","1","1","1261--p32--01.png","/product-catalog/pdf-images/memorial-hermann-2026/1261--p32--01.png","0.95","153","153"
"memorial-hermann-2026","1632","Oral Care","32","2","2","1632--p32--02.png","/product-catalog/pdf-images/memorial-hermann-2026/1632--p32--02.png","0.95","153","153"
"memorial-hermann-2026","3401","Oral Care","32","3","3","3401--p32--03.png","/product-catalog/pdf-images/memorial-hermann-2026/3401--p32--03.png","0.95","153","153"
"memorial-hermann-2026","3861","Oral Care","32","4","4","3861--p32--04.png","/product-catalog/pdf-images/memorial-hermann-2026/3861--p32--04.png","0.95","153","153"
"memorial-hermann-2026","3866","Oral Care","32","5","5","3866--p32--05.png","/product-catalog/pdf-images/memorial-hermann-2026/3866--p32--05.png","0.95","153","153"
"memorial-hermann-2026","3867","Oral Care","32","6","6","3867--p32--06.png","/product-catalog/pdf-images/memorial-hermann-2026/3867--p32--06.png","0.95","153","153"
"memorial-hermann-2026","6114","Oral Care","32","7","7","6114--p32--07.png","/product-catalog/pdf-images/memorial-hermann-2026/6114--p32--07.png","0.95","153","153"
"memorial-hermann-2026","7262","Oral Care","32","8","8","7262--p32--08.png","/product-catalog/pdf-images/memorial-hermann-2026/7262--p32--08.png","0.95","153","153"
"memorial-hermann-2026","7263","Oral Care","32","9","9","7263--p32--09.png","/product-catalog/pdf-images/memorial-hermann-2026/7263--p32--09.png","0.95","153","153"
"memorial-hermann-2026","7264","Oral Care","32","10","10","7264--p32--10.png","/product-catalog/pdf-images/memorial-hermann-2026/7264--p32--10.png","0.95","153","153"
"memorial-hermann-2026","7266","Oral Care","32","11","11","7266--p32--11.png","/product-catalog/pdf-images/memorial-hermann-2026/7266--p32--11.png","0.95","153","153"
"memorial-hermann-2026","1755","Oral Care","33","1","1","1755--p33--01.png","/product-catalog/pdf-images/memorial-hermann-2026/1755--p33--01.png","0.82","153","153"
"memorial-hermann-2026","1757","Oral Care","33","2","2","1757--p33--02.png","/product-catalog/pdf-images/memorial-hermann-2026/1757--p33--02.png","0.82","153","153"
"memorial-hermann-2026","2248","Oral Care","33","3","3","2248--p33--03.png","/product-catalog/pdf-images/memorial-hermann-2026/2248--p33--03.png","0.82","153","153"
"memorial-hermann-2026","3378","Oral Care","33","4","4","3378--p33--04.png","/product-catalog/pdf-images/memorial-hermann-2026/3378--p33--04.png","0.82","153","153"
"memorial-hermann-2026","3416","Oral Care","33","5","5","3416--p33--05.png","/product-catalog/pdf-images/memorial-hermann-2026/3416--p33--05.png","0.82","153","153"
"memorial-hermann-2026","3737","Oral Care","33","6","6","3737--p33--06.png","/product-catalog/pdf-images/memorial-hermann-2026/3737--p33--06.png","0.82","153","153"
"memorial-hermann-2026","6095","Oral Care","33","7","7","6095--p33--07.png","/product-catalog/pdf-images/memorial-hermann-2026/6095--p33--07.png","0.82","153","153"
"memorial-hermann-2026","6227","Oral Care","33","8","8","6227--p33--08.png","/product-catalog/pdf-images/memorial-hermann-2026/6227--p33--08.png","0.82","153","153"
"memorial-hermann-2026","7289","Oral Care","33","9","9","7289--p33--09.png","/product-catalog/pdf-images/memorial-hermann-2026/7289--p33--09.png","0.82","153","153"