sortId,cat1,cat2,sku,nbr,pkg,name,desc,image,refImage,matchType,price
020.020.070.0030,First Aid,Bandages,MDS099003SSH,1439,1,Medline Firm-Wrap Short Stretch Bandage,"100% cotton. Flexible, elastic clip fasteners. 3.15"" x 5.47 yd. roll.",mds099003ssh.jpg,mds099003ssh.jpg,exact,$5.50
020.070.010.0042,First Aid,Protective Sleeves,NONSLEEVE,1513,1,Medline Protective Armsleeves,"Provides warmth and gentle compression. 93% cotton/7% spandex. 18"" long.",protective-arm-leg-sleeves-18-in-thumbloop-nonsleeve-1-pair.jpg,protective-arm-leg-sleeves-18-in-thumbloop-nonsleeve-1-pair.jpg,exact,$18.00
020.070.020.0043,First Aid,Protective Sleeves,NONSLEEVEL,1514,2,Medline Protective Leg Sleeve White 15inL 1Pair,"Provides warmth and gentle compression. 93% cotton/7% spandex. 15"" long.",nonsleevel_01_1.jpg,nonsleevel_01_1.jpg,exact,$25.00
030.020.020.0052,Hearing Aids & Amplifiers,Hearing Amplifiers & Accessories,MDSHEARAMP,3731,1,Medline Digital Hearing Amplifier,"Battery-powered, behind-the-ear style with 4-level volume control.",mdshearamp_01.jpg,mdshearamp_01.jpg,exact,$24.50
040.020.040.0065,Home Diagnostics,Blood Pressure & Accessories,MDS4003,3704,1,Medline Deluxe Digital Wrist Blood Pressure Monitor,"Quick readings of systolic/diastolic pressure & pulse rate. Fits 5.3""-8.5"".",plus-digital-wrist-blood-pressure-monitor-mds4003-1-each.jpg,plus-digital-wrist-blood-pressure-monitor-mds4003-1-each.jpg,exact,$24.00
040.040.040.0072,Home Diagnostics,Measuring Devices,DETSLIMTLK,1648,1,SlimTALK Talking Digital Floor Scale,"Low-profile for easy on/off. 12.3"" L x 14.3"" W x 1.4"" H. 400 lb. capacity.",digital-floor-scales-by-cardinal-scale-detslimtlk.jpg,digital-floor-scales-by-cardinal-scale-detslimtlk.jpg,exact,$56.00
040.040.070.0075,Home Diagnostics,Measuring Devices,HCSM70R,3698,1,Medline Soft-Touch Fingertip Pulse Oximeter,Measures SpO2 and pulse rate. Large digital display.,hcsm70r_pri02_1.jpeg,hcsm70r_pri02_1.jpeg,exact,$28.00
040.060.020.0080,Home Diagnostics,Thermometers & Accessories,MDSTH1002,1100,1,Medline Infrared Talking Ear/Forehead Thermometer,Reading in just 1 second. Speaks results in one of 6 languages.,talking-ear-forehead-thermometer-for-home-use-mdsth1002-1-each.jpg,talking-ear-forehead-thermometer-for-home-use-mdsth1002-1-each.jpg,exact,$36.50
040.060.020.0081,Home Diagnostics,Thermometers & Accessories,MDSNOTOUCH,1094,1,Medline Infrared No-Touch Forehead Thermometer,Takes body and surface temps from 1-inch away.,infrared-no-touch-forehead-thermometer-mdsnotouch-1-each-whiteblack.jpg,infrared-no-touch-forehead-thermometer-mdsnotouch-1-each-whiteblack.jpg,exact,$44.00
040.060.030.0084,Home Diagnostics,Thermometers & Accessories,MDS99902H,3465,1,Medline Flex-Tip Digital Thermometer,"30-second read time. Oral, rectal or axillary use.",sku_mds99902_046_rgb.jpg,sku_mds99902_046_rgb.jpg,exact,$5.50
040.060.030.0085,Home Diagnostics,Thermometers & Accessories,MDS9953H,1088,1,Medline Large Display Oral Digital Thermometer,Results in 20 seconds. Large LCD screen with back light.,SKU_MDS9953_047_Outline_RGB.jpg,SKU_MDS9953_047_Outline_RGB.jpg,exact,$9.00
050.050.040.0089,Home Health Care,Cushions & Positioners,DUR8016W,3377,1,Medline Invalid Foam Ring Contoured Cushion,"Puncture-resistant foam with washable cover. 16"" diameter.",invalid-foam-donut-ring-cushion-dur8016w-1-each.jpg,invalid-foam-donut-ring-cushion-dur8016w-1-each.jpg,exact,$26.00
050.050.040.0090,Home Health Care,Cushions & Positioners,MSCRINGCH,3469,1,Medline Compressed Foam Ring Cushion,"Helps relieve pressure, pain & discomfort when sitting. 16.5"" x 12.6"" x 3"".",sku_mscringc_amzn_m3c_web_rgb.jpg,sku_mscringc_amzn_m3c_web_rgb.jpg,exact,$20.00
050.050.060.0092,Home Health Care,Cushions & Positioners,MDSLUMBAR,6006,1,Medline Contoured Lumbar Cushion,"Premium foam. Ideal for wheelchairs, car, home, office. Firm support. 14"" x 13"".",pap_mdslumbar_021.jpg,pap_mdslumbar_021.jpg,exact,$24.50
050.090.010.0095,Home Health Care,Linens & Bedding,MDTSB8B40BEIL,2311,1,Medline Thermalux Blanket,"82% cotton/18% polyester for warmth. Beige. 74"" x 110"".",mdtsb8b40beil.jpg,mdtsb8b40beil.jpg,exact,$43.00
050.090.020.0096,Home Health Care,Linens & Bedding,MDT219906R,3945,1,Medline Hypoallergenic Pillow,"Washable with 100% cotton cover. 20"" x 26"".",mdt219906r_01.jpg,mdt219906r_01.jpg,exact,$21.00
050.100.010.0098,Home Health Care,Medical Bracelets,NON90504H,1093,1,Medline Stainless Medical Alert Bracelet Diabetic,"Unisex 7.5"" link-style bracelet with clasp closure.",non90504h_hre02.jpeg,non90504h_hre02.jpeg,exact,$10.00
050.100.020.0099,Home Health Care,Medical Bracelets,NON90506H,1092,1,Medline Stainless Medical Alert Bracelet Heart,"Unisex 7.5"" link-style bracelet with clasp closure.",SKU_NON90504_ECH_Back_001_RGB.jpg,SKU_NON90504_ECH_Back_001_RGB.jpg,exact,$10.00
060.010.010.0103,Incontinence,Bladder Pads,MSCMG02Z,1411,52,Medline FitRight ActivEdge Guards for Men,"Extra protection where a man needs it. Max absorbency. 5.9"" x 12.6"".",mscmg02z-packaging-front.jpg,mscmg02z-packaging-front.jpg,exact,$17.00
060.010.040.0104,Incontinence,Bladder Pads,MSC325100H,1104,20,Medline FitRight Bladder Pads,"Fits inside your own underwear to absorb light bladder leaks. 2.75"" x 9.75"".",msc325100h.jpg,msc325100h.jpg,exact,$7.50
060.010.040.0105,Incontinence,Bladder Pads,MSC326100Z,3968,16,Medline FitRight Bladder Pads,"Elastic leg gathers for leak protection. Moderate absorbency. 3"" x 10"".",msc326100z.jpg,msc326100z.jpg,exact,$8.00
060.010.040.0106,Incontinence,Bladder Pads,BCPE01Z,1817,28,Medline ContourPlus Bladder Pads,"Breathable & contoured with leg gathers. Moderate absorbency. 5.5"" x 10.5"".",bcpe01z-packaging-front.jpg,bcpe01z-packaging-front.jpg,exact,$9.50
060.010.040.0107,Incontinence,Bladder Pads,BCPE02Z,1816,28,Medline ContourPlus Bladder Pads,"Breathable & contoured with leg gathers. Maximum absorbency. 6.5"" x 13.5"".",bcpe02z-packaging-front.jpg,bcpe02z-packaging-front.jpg,exact,$10.00
060.010.040.0108,Incontinence,Bladder Pads,BCPE03Z,1105,28,Medline ContourPlus Bladder Pads,"Breathable & contoured with leg gathers. Ultimate absorbency. 8"" x 17"".",bcpe03z-packaging-front.jpg,bcpe03z-packaging-front.jpg,exact,$15.50
060.010.050.0109,Incontinence,Bladder Pads,FBC1010Z,1412,20,Medline FitRight ActivEdge Bladder Pads,"Contoured shape with fabric-like backsheet. Light absorbency. 3.5"" x 9"".",fbc1010z-packaging-front.jpg,fbc1010z-packaging-front.jpg,exact,$6.00
060.010.050.0110,Incontinence,Bladder Pads,FBC1020Z,1413,16,Medline FitRight ActivEdge Bladder Pads,"Contoured shape with fabric-like backsheet. Moderate absorbency. 4.3"" x 11"".",fbc1020z-packaging-front.jpg,fbc1020z-packaging-front.jpg,exact,$6.00
060.010.050.0111,Incontinence,Bladder Pads,FBC1030Z,1414,10,Medline FitRight ActivEdge Bladder Pads,"Contoured shape with fabric-like backsheet. Maximum absorbency. 4.3"" x 11"".",fbc1030z-packaging-front.jpg,fbc1030z-packaging-front.jpg,exact,$6.00
060.010.050.0112,Incontinence,Bladder Pads,FBC1040Z,1415,10,Medline FitRight ActivEdge Bladder Pads,"Contoured shape with fabric-like backsheet. Ultimate absorbency. 5.5"" x 15.75"".",fbc1040z-packaging-front.jpg,fbc1040z-packaging-front.jpg,exact,$6.50
060.010.050.0113,Incontinence,Bladder Pads,FBC1100Z,3375,24,Medline FitRight Overnight Bladder Pads,"Extra-wide back for extended coverage. Overnight absorbency. 8.5"" x 16"".",fbc1100z_front.jpg,fbc1100z_front.jpg,exact,$16.00
060.010.050.0114,Incontinence,Bladder Pads,KCP39299Z,6025,54,Poise Incontinence Pad,Moderate bladder leak protection. Long length.,kcp39299z_pri02.jpg,kcp39299z_pri02.jpg,exact,$34.50
060.010.050.0116,Incontinence,Briefs,BARIBRIEFCZ,1604,8,Medline FitRight Bariatric Incontinence Briefs,"Tabs with skin-safe closures. Max absorbency. 4XL (65""-92"" waist).",fitright-baribrief-bariatric-adult-briefs-baribriefcz-8-bag-white-maximum.jpg,fitright-baribrief-bariatric-adult-briefs-baribriefcz-8-bag-white-maximum.jpg,exact,$19.00
060.010.050.0117,Incontinence,Briefs,BARIBRIEFPLUZ,6143,8,Medline FitRight Bariatric Incontinence Briefs 5XL,"Tabs with skin-safe closures. Super absorbency. Fits 90""-106"" waist.",baribriefpluz-brief.jpg,baribriefpluz-brief.jpg,exact,$25.50
060.010.050.0118,Incontinence,Briefs,FREW1Z,6144,20,Medline FitRight Overnight Stretch Briefs,"Adult diaper with tabs has high performance core. Size 1 (31""-52"" waist).",frew1z-new-look.jpg,frew1z-new-look.jpg,exact,$22.00
060.010.050.0119,Incontinence,Briefs,FREW2Z,4029,20,Medline FitRight Overnight Stretch Briefs,"Adult diaper with tabs has high performance core. Size 2 (40""-70"" waist).",frew2z-new-look.jpg,frew2z-new-look.jpg,exact,$22.00
060.010.050.0120,Incontinence,Briefs,FITULTRASMZ,1425,20,Medline FitRight OptiFit Ultra Disposable Briefs,"Cloth-like diaper with skin-safe tabs. Ultra absorbency. S (20""-33"" waist).",fitright-ultra-incontinence-briefs-fitultrasmz-small-20-bag.jpg,fitright-ultra-incontinence-briefs-fitultrasmz-small-20-bag.jpg,exact,$14.50
060.010.050.0121,Incontinence,Briefs,FITULTRAMDZ,1113,20,Medline FitRight OptiFit Ultra Disposable Briefs,"Cloth-like diaper with skin-safe tabs. Ultra absorbency. M (32""-42"" waist).",fitright-ultra-incontinence-briefs-fitultramdz-medium-20-bag.jpg,fitright-ultra-incontinence-briefs-fitultramdz-medium-20-bag.jpg,exact,$15.00
060.010.050.0122,Incontinence,Briefs,FITULTRALGZ,1112,20,Medline FitRight OptiFit Ultra Disposable Briefs,"Cloth-like diaper with skin-safe tabs. Ultra absorbency. L (48""-58"" waist).",fitright-ultra-incontinence-briefs-fitultralgz-large-20-bag.jpg,fitright-ultra-incontinence-briefs-fitultralgz-large-20-bag.jpg,exact,$16.00
060.010.050.0123,Incontinence,Briefs,FITULTRAXLGZ,1114,20,Medline FitRight OptiFit Ultra Disposable Briefs,"Cloth-like diaper with skin-safe tabs. Ultra absorbency. XL (57""-66"" waist).",fitright-ultra-incontinence-briefs-fitultraxlgz-xlarge-20-bag.jpg,fitright-ultra-incontinence-briefs-fitultraxlgz-xlarge-20-bag.jpg,exact,$16.50
060.010.050.0124,Incontinence,Briefs,FITULTRAXXLZ,1423,20,Medline FitRight OptiFit Ultra Disposable Briefs,"Cloth-like diaper with skin-safe tabs. Ultra absorbency. 2XL (60""-69"" waist).",fitright-ultra-incontinence-briefs-fitultraxxlz-2xlarge-20-bag.jpg,fitright-ultra-incontinence-briefs-fitultraxxlz-2xlarge-20-bag.jpg,exact,$17.00
060.010.050.0125,Incontinence,Briefs,FRSU1Z,1408,20,Medline FitRight OptiFit Stretch Ultra Briefs,"Cloth-like diaper with stretch panels. Ultra absorbency. Size 1 (30""-52"" waist).",frsu1z_pri02.jpg,frsu1z_pri02.jpg,exact,$18.00
060.010.050.0126,Incontinence,Briefs,FRSU2Z,1409,20,Medline FitRight OptiFit Stretch Ultra Briefs,"Cloth-like diaper with stretch panels. Ultra absorbency. Size 2 (51""-70"" waist).",frsu2z_pri02.jpg,frsu2z_pri02.jpg,exact,$21.00
060.010.050.0127,Incontinence,Briefs,FITEXTRASMZ,1791,20,Medline FitRight OptiFit Extra Disposable Briefs,"Cloth-like diaper with skin-safe tabs. Extra absorbency. S (20""-33"" waist).",fitextrasmz_pri05.jpg,fitextrasmz_pri05.jpg,exact,$13.50
060.010.050.0128,Incontinence,Briefs,FITEXTRAMDZ,1789,20,Medline FitRight OptiFit Extra Disposable Briefs,"Cloth-like diaper with skin-safe tabs. Extra absorbency. M (32""-44"" waist).",fitextramdz_pri06.jpg,fitextramdz_pri06.jpg,exact,$14.00
060.010.050.0129,Incontinence,Briefs,FITEXTRALGZ,1788,20,Medline FitRight OptiFit Extra Disposable Briefs,"Cloth-like diaper with skin-safe tabs. Extra absorbency. L (44""-56"" waist).",fitextralgz_pri09.jpg,fitextralgz_pri09.jpg,exact,$14.00
060.010.050.0130,Incontinence,Briefs,FITEXTRAXLGZ,1792,20,Medline FitRight OptiFit Extra Disposable Briefs,"Cloth-like diaper with skin-safe tabs. Extra absorbency. XL (56""-64"" waist).",fitextraxlgz_pri07.jpg,fitextraxlgz_pri07.jpg,exact,$14.50
060.010.050.0131,Incontinence,Briefs,FITEXTRAXXLZ,1793,20,Medline FitRight OptiFit Extra Disposable Briefs,"Cloth-like diaper with skin-safe tabs. Extra absorbency. 2XL (60""-70"" waist).",fitextraxxlz_pri05.jpg,fitextraxxlz_pri05.jpg,exact,$15.00
060.010.050.0132,Incontinence,Liners,FITLINER300Z,1108,20,Medline FitRight Incontinence Liners,"Low-profile core absorbs wetness/odors. Ultra absorbency. 13"" x 34"".",fitliner300z-packaging-front.jpg,fitliner300z-packaging-front.jpg,exact,$16.00
060.010.050.0133,Incontinence,Protective Underwear,BCPANTMENMDZ,1831,1,Medline Men's Reusable Bladder Control Brief,"Absorbent 3-ply fiberfill layer. Machine wash. M (34""-36"" waist).",BCPANTMENMDZ_HRE01.JPG,BCPANTMENMDZ_HRE01.JPG,exact,$16.50
060.010.050.0134,Incontinence,Protective Underwear,BCPANTMENLGZ,1830,1,Medline Men's Reusable Bladder Control Brief,"Absorbent 3-ply fiberfill layer. Machine wash. L (37""-40"" waist).",BCPANTMENLGZ_HRE01.JPG,BCPANTMENLGZ_HRE01.JPG,exact,$16.50
060.010.050.0135,Incontinence,Protective Underwear,BCPANTMENXLZ,1833,1,Medline Men's Reusable Bladder Control Brief,"Absorbent 3-ply fiberfill layer. Machine wash. XL (41""-45"" waist).",BCPANTMENXLZ_HRE01.JPG,BCPANTMENXLZ_HRE01.JPG,exact,$19.00
060.010.050.0136,Incontinence,Protective Underwear,BCPANTMENXXLZ,1834,1,Medline Men's Reusable Bladder Control Brief,"Absorbent 3-ply fiberfill layer. Machine wash. XXL (46""-52"" waist).",BCPANTMENXXLZ_HRE01.JPG,BCPANTMENXXLZ_HRE01.JPG,exact,$19.00
060.010.050.0137,Incontinence,Protective Underwear,FIT700AZ,3716,20,Medline FitRight Ultra Bariatric Disposable Underwear,"Premium, body-contoured pull-on. Ultra absorbency. 2XL (68""-80"" waist).",fit700az-packaging-front.jpg,fit700az-packaging-front.jpg,exact,$22.50
060.010.050.0138,Incontinence,Protective Underwear,FIT800Z,3561,20,Medline FitRight Ultra Bariatric Disposable Underwear,"Premium, body-contoured pull-on. Ultra absorbency. 3XL (75""-94"" waist).",fit800_pri06_1.jpg,fit800_pri06_1.jpg,exact,$32.00
060.010.050.0139,Incontinence,Protective Underwear,FIT33005AZ,1606,20,Medline FitRight Super Disposable Underwear,"Body-contoured pull-on with leak guards. Super absorbency. M (28""-40"" waist).",fit33005az_pri07.jpg,fit33005az_pri07.jpg,exact,$15.50
060.010.050.0140,Incontinence,Protective Underwear,FIT33505AZ,1607,20,Medline FitRight Super Disposable Underwear,"Body-contoured pull-on with leak guards. Super absorbency. L (40""-56"" waist).",fit33505az_pri06.jpg,fit33505az_pri06.jpg,exact,$16.00
060.010.050.0141,Incontinence,Protective Underwear,FIT33600AZ,1608,20,Medline FitRight Super Disposable Underwear,"Body-contoured pull-on with leak guards. Super absorbency. XL (56""-68"" waist).",fit33600az_pri09.jpg,fit33600az_pri09.jpg,exact,$17.50
060.010.050.0142,Incontinence,Protective Underwear,FIT23005AZ,1852,20,Medline FitRight Ultra Disposable Underwear,"Pull-on fits & feels like real underwear. Ultra absorbency. M (28""-40"" waist).",fit23005az_pri05.jpg,fit23005az_pri05.jpg,exact,$14.50
060.010.050.0143,Incontinence,Protective Underwear,FIT23505AZ,1850,20,Medline FitRight Ultra Disposable Underwear,"Pull-on fits & feels like real underwear. Ultra absorbency. L (40""-56"" waist).",fit23505az_pri05.jpg,fit23505az_pri05.jpg,exact,$15.00
060.010.050.0144,Incontinence,Protective Underwear,FIT23600AZ,1854,20,Medline FitRight Ultra Disposable Underwear,"Pull-on fits & feels like real underwear. Ultra absorbency. XL (56""-68"" waist).",fit23600az_pri04.jpg,fit23600az_pri04.jpg,exact,$15.00
060.010.050.0145,Incontinence,Protective Underwear,MSC53005H,1856,16,Medline FitRight Extended Wear Protective Underwear,"Premium disposable pull-on for overnight leak protection. M (28""-40"" waist).",msc53005h_front.jpg,msc53005h_front.jpg,exact,$21.50
060.010.050.0146,Incontinence,Protective Underwear,MSC53505H,1845,14,Medline FitRight Extended Wear Protective Underwear,"Premium disposable pull-on for overnight leak protection. L (40""-56"" waist).",msc53505h_pri06.jpg,msc53505h_pri06.jpg,exact,$21.50
060.010.050.0147,Incontinence,Protective Underwear,MSC53600H,1856,12,Medline FitRight Extended Wear Protective Underwear,"Premium disposable pull-on for overnight leak protection. XL (56""-68"" waist).",msc53600h_front.jpg,msc53600h_front.jpg,exact,$21.50
060.010.050.0148,Incontinence,Protective Underwear,BCPANTMDZ,1826,1,Medline Women's Reusable Bladder Control Panty,"Absorbent 3-ply fiberfill layer. Machine wash. M (26""-29"" waist).",BCPANTMDZ_HRE01.JPG,BCPANTMDZ_HRE01.JPG,exact,$14.00
060.010.050.0149,Incontinence,Protective Underwear,BCPANTLGZ,1825,1,Medline Women's Reusable Bladder Control Panty,"Absorbent 3-ply fiberfill layer. Machine wash. L (30""-33"" waist).",BCPANTLGZ_HRE01.JPG,BCPANTLGZ_HRE01.JPG,exact,$14.50
060.010.050.0150,Incontinence,Protective Underwear,BCPANTXLZ,1828,1,Medline Women's Reusable Bladder Control Panty,"Absorbent 3-ply fiberfill layer. Machine wash. XL (34""-36"" waist).",BCPANTXLZ_HRE01.JPG,BCPANTXLZ_HRE01.JPG,exact,$15.00
060.010.050.0151,Incontinence,Protective Underwear,BCPANTXXLZ,1829,1,Medline Women's Reusable Bladder Control Panty,"Absorbent 3-ply fiberfill layer. Machine wash. XXL (37""-40"" waist).",BCPANTXXLZ_HRE01.JPG,BCPANTXXLZ_HRE01.JPG,exact,$14.50
060.010.050.0152,Incontinence,Protective Underwear,FIT23MSMZ,1416,20,Medline FitRight ActivEdge Underwear for Men,"Extra protection where a man needs it. Max absorbency. S/M (28""-40"" waist).",fit23msmz-packaging-front.jpg,fit23msmz-packaging-front.jpg,exact,$14.00
060.010.050.0153,Incontinence,Protective Underwear,FIT23MLXLZ,1417,20,Medline FitRight ActivEdge Underwear for Men,"Extra protection where a man needs it. Max absorbency. L/XL (40""-56"" waist).",fit23mlxl-packaging-front_1.jpg,fit23mlxl-packaging-front_1.jpg,exact,$14.50
060.010.050.0154,Incontinence,Protective Underwear,FIT23WSMZ,1418,20,Medline FitRight ActivEdge Underwear for Women,"Odor & leak protection. Max absorbency. S/M (28""-40"" waist).",fit23wsmz-packaging-front.jpg,fit23wsmz-packaging-front.jpg,exact,$16.00
060.010.050.0155,Incontinence,Protective Underwear,FIT23WLXLZ,1419,20,Medline FitRight ActivEdge Underwear for Women,"Odor & leak protection. Max absorbency. L/XL (40""-56"" waist).",fit23wlxlz-packaging-front.jpg,fit23wlxlz-packaging-front.jpg,exact,$17.00
060.010.050.0156,Incontinence,Protective Underwear,SLK67900SM,1626,1,Salk Light & Dry Women's Washable Cotton Inco Brief,"Washable, 100% cotton briefs with built-in absorbent pad. S (22""-25"" waist).",slk67900sm_pri01.jpg,slk67900sm_pri01.jpg,exact,$22.50
060.010.050.0157,Incontinence,Protective Underwear,SLK67900MD,1625,1,Salk Light & Dry Women's Washable Cotton Inco Brief,"Washable, 100% cotton briefs with built-in absorbent pad. M (26""-29"" waist).",slk67900md_pri01.jpg,slk67900md_pri01.jpg,exact,$25.00
060.010.050.0158,Incontinence,Protective Underwear,SLK67900LG,1625,1,Salk Light & Dry Women's Washable Cotton Inco Brief,"Washable, 100% cotton briefs with built-in absorbent pad. L (30""-33"" waist).",SLK67900LG.jpg,SLK67900LG.jpg,exact,$22.50
060.010.050.0160,Incontinence,Underpads,MSC281226CZ,6138,25,Medline Disposable Economy Tissue Underpads,"Disposable tissue only pad covers surfaces. Great puppy pad. 23"" x 36"".",disposable-underpads-msc281226cz-25-bag-23-x-36in-tissue-light.jpg,disposable-underpads-msc281226cz-25-bag-23-x-36in-tissue-light.jpg,exact,$7.00
060.010.050.0161,Incontinence,Underpads,MSC282036PZ,1119,10,Medline Pro Plus Best Polymer Underpads,"Disposable, all-purpose pad with absorbent SAP polymer core. 23"" x 36"".",disposable-polymer-underpad-msc282036pz-10-bag-23-x-36in-fluff-and-polymer-moderate.jpg,disposable-polymer-underpad-msc282036pz-10-bag-23-x-36in-fluff-and-polymer-moderate.jpg,exact,$5.00
060.010.050.0162,Incontinence,Underpads,MUP0305PZ,1427,10,Medline Premium Disposable Polymer Underpads,"Premium protection for wheelchairs, beds, more. 30"" x 30"".",mup0305pz-front.jpg,mup0305pz-front.jpg,exact,$7.00
060.010.050.0163,Incontinence,Underpads,MSC282070LB,3635,50,Medline Deluxe Fluff/Polymer Underpads,"Soft top sheet, poly backing to help prevent leaks. 36"" x 36"".",disposable-polymer-underpad-msc282070lb-50-case-36-x-36in-deluxefluff-super.jpg,disposable-polymer-underpad-msc282070lb-50-case-36-x-36in-deluxefluff-super.jpg,exact,$50.00
060.010.050.0164,Incontinence,Underpads,MUP2000FZ,1619,10,Medline FitRight Ultra Underpads,"Fluff/polymer core for absorbency and odor control. Heavy absorbency. 30"" x 36"".",mup2000fz_side.jpg,mup2000fz_side.jpg,exact,$8.00
060.010.050.0165,Incontinence,Underpads,EXTSRB2336AZ,1406,10,Medline Ultrasorbs Premium Underpads,"Hospital-quality with superabsorbent core. Lies flat when wet. 23"" x 36"".",extsrb2336az_pri05.jpg,extsrb2336az_pri05.jpg,exact,$13.00
060.010.050.0166,Incontinence,Underpads,EXTSRB3036AZ,1407,5,Ultrasorbs Premium Underpads,"Hospital-quality with superabsorbent core. Air permeable. 30"" x 36"".",extsrb3036az_pri02.jpg,extsrb3036az_pri02.jpg,exact,$8.00
060.010.050.0167,Incontinence,Underpads,MDTIU3TEFPNKH,1614,1,Medline Sofnit 300 Reusable Twill Underpad,"Absorbent 55% cotton/45% poly with vinyl back. Machine wash. Pink. 34"" x 36"".",sofnit-300-reusable-underpads-mdtiu3tefpnkh-1-each-34-x-36in.jpg,sofnit-300-reusable-underpads-mdtiu3tefpnkh-1-each-34-x-36in.jpg,exact,$10.50
060.010.050.0168,Incontinence,Underpads,MDTIU3TEIPNKH,1838,1,Medline Sofnit 300 Reusable Twill Underpad,"Absorbent 55% cotton/45% poly with vinyl back. Machine wash. Pink. 34"" x 48"".",SKU_MDTIU3TEFPNK.jpg,SKU_MDTIU3TEFPNK.jpg,exact,$14.50
060.010.050.0170,Incontinence,Underpads,MSC10614Z,1528,10,Medline Skinfold Dry Sheets,"Slips into skinfold and absorbs moisture. Holds 8 ounces. 6"" x 14"".",msc10614z_packaging.jpg,msc10614z_packaging.jpg,exact,$8.50
060.010.050.0404,Mobility,Canes & Accessories,MDS86430WH1,5013,1,Medline Folding T-Handle Aluminum Cane,"Compact, travel-friendly design fits into purse, luggage. 250 lb. cap. Black.",sku_mds86430w_b_1.jpg,sku_mds86430w_b_1.jpg,exact,$15.50
060.010.050.0406,Mobility,Canes & Accessories,MDS86228H1,4168,1,Medline Aluminum Quad Cane,Large base for more stability at slower pace. 300 lb. cap. Black.,mds86228h1_01.jpg,mds86228h1_01.jpg,exact,$28.00
060.010.050.0407,Mobility,Canes & Accessories,MDS86430WH,1843,1,Medline Folding T-Handle Aluminum Cane,"Compact design fits in purse, luggage. Weighs 1 lb. yet supports 250 lbs. Black.",SKU_MDS86430W_B.jpg,SKU_MDS86430W_B.jpg,exact,$14.00
060.010.050.0410,Mobility,Rollators & Accessories,MDS86850ESKD,6044,1,Medline Basic Steel Rollator,"Padded backrest and 12"" x 12"" seat. 350 lb. capacity. Burgundy.",basic-steel-rollators-mds86850eskd-1-each.jpg,basic-steel-rollators-mds86850eskd-1-each.jpg,exact,$75.00
060.010.050.0411,Mobility,Walkers & Accessories,MDS86410W54H,3956,1,Medline 2-Button Aluminum Folding Walker,"Folds to 4.5"" wide for easy transport. 300 lb. weight capacity.",2-button-folding-walker-with-5-in-dia-wheels-mds86410w54h-1-each.png,2-button-folding-walker-with-5-in-dia-wheels-mds86410w54h-1-each.png,exact,$51.00
060.010.050.0448,Ostomy & Urology,Catheter & Accessories,SAFESECUREH,1293,1,SafeSecure Foley Catheter Securement Device,"100% silicone top. Includes instructions, alcohol prep and skin prep pad.",SAFESECUREH_WITH_CATH_001.jpg,SAFESECUREH_WITH_CATH_001.jpg,exact,$6.50
060.010.050.0449,Personal Care,Compression Garments,ORT19800S,1993,2,CURAD Arthritis Relief Compression Gloves,"For arthritis, carpal tunnel, tendonitis. Breathable cotton/spandex. Gray. S.",sku_ort19800m_on_hands.jpg,sku_ort19800m_on_hands.jpg,exact,$14.00
060.010.050.0450,Personal Care,Compression Garments,ORT19800M,1702,2,CURAD Arthritis Relief Compression Gloves,"For arthritis, carpal tunnel, tendonitis. Breathable cotton/spandex. Gray. M.",sku_ort19800m_on_hands_1.jpg,sku_ort19800m_on_hands_1.jpg,exact,$14.50
060.010.050.0451,Personal Care,Compression Garments,ORT19800L,1701,2,CURAD Arthritis Relief Compression Gloves,"For arthritis, carpal tunnel, tendonitis. Breathable cotton/spandex. Gray. L.",sku_ort19800m_on_hands.jpg,SKU_ORT19800M_On_Hands.jpg,exact,$15.00
060.010.050.0452,Personal Care,Compression Garments,MDS1800SB,2204,1,Dr. Scholl's Diabetic Compression Socks 8-15 mmHg,Ultra-smooth seamless toe. Black. Small (Men's 3-7/Women's 4-8).,pf135720_black_2_2.jpeg,pf135720_black_2_2.jpeg,exact,$11.00
060.010.050.0453,Personal Care,Compression Garments,MDS1800MB,1141,2,Dr. Scholl's Diabetic Compression Socks 8-15 mmHg,Ultra-smooth seamless toe. Black. Medium (Men's 3-9/Women's 4-10).,pf135720_black_2_1.jpeg,pf135720_black_2_1.jpeg,exact,$11.00
060.010.050.0454,Personal Care,Compression Garments,MDS1800LB,1139,2,Dr. Scholl's Diabetic & Circulatory Crew Socks 8-15 mmHg,Ultra-smooth seamless toe and cushioned bottom. Black. Large (Men's 7-12/Women's 8-12).,pf135720_black_1.jpeg,pf135720_black_1.jpeg,exact,$11.00
060.010.050.0455,Personal Care,Compression Garments,MDS1800XB,1978,2,Dr. Scholl's Diabetic Compression Socks 8-15 mmHg,Ultra-smooth seamless toe. Black. XL (Men's 12.5-15).,pf135720_black_2.jpeg,pf135720_black_2.jpeg,exact,$11.00
060.010.050.0456,Personal Care,Compression Garments,MDS1900MBM,3917,8,Dr. Scholl's Diabetic & Circulatory Crew Socks,Cushioning plus TempRite technology for comfort. Black. Men's M/L.,mds1901lbm-product-side_1.jpg,mds1901lbm-product-side_1.jpg,exact,$14.50
060.010.050.0457,Personal Care,Compression Garments,MDS1900MBW,3918,8,Dr. Scholl's Diabetic & Circulatory Crew Socks,Cushioning plus TempRite technology for comfort. Black. Women's M/L.,mds1900mbw_pri01.jpg,mds1900mbw_pri01.jpg,exact,$14.50
060.010.050.0459,Personal Care,Compression Garments,BDF110867,2157,2,Jobst Sensifoot Over-the-Calf Diabetic Socks,"Moisture-wicking yarn, smooth toe seam. Black. M (Men's 8.5-10/Women's 9.5-11).",BDF110867.jpg,BDF110867.jpg,exact,$18.00
060.010.050.0460,Personal Care,Compression Garments,BDF110868,2156,2,Jobst Sensifoot Over-the-Calf Diabetic Socks,"Moisture-wicking yarn, smooth toe seam. Black. L (Men's 10.5-12/Women's 11.5-13).",bdf110868_01.jpg,bdf110868_01.jpg,exact,$18.50
060.010.050.0461,Personal Care,Compression Garments,BDF110869,2159,2,Jobst Sensifoot Over-the-Calf Diabetic Socks,"Moisture-wicking yarn, smooth toe seam. Black. XL (Men's 12.5-14/Women's 13-14).",bdf110868_01_2.jpg,bdf110868_01_2.jpg,exact,$18.50
060.010.050.0463,Personal Care,Compression Garments,BDF110832,2133,2,Jobst Sensifoot Over-the-Calf Diabetic Socks,"Moisture-wicking yarn, smooth toe seam. White. M (Men's 8.5-10/Women's 9.5-11).",bdf110836_pri01_1.jpg,bdf110836_pri01_1.jpg,exact,$18.00
060.010.050.0464,Personal Care,Compression Garments,BDF110833,2132,2,Jobst Sensifoot Over-the-Calf Diabetic Socks,"Moisture-wicking yarn, smooth toe seam. White. L (Men's 10.5-12/Women's 11.5-13).",bdf110836_pri01_2.jpg,bdf110836_pri01_2.jpg,exact,$18.50
060.010.050.0465,Personal Care,Compression Garments,BDF110834,2135,2,Jobst Sensifoot Over-the-Calf Diabetic Socks,"Moisture-wicking yarn, smooth toe seam. White. XL (Men's 12.5-14/Women's 13-14).",bdf110839.jpg,bdf110839.jpg,exact,$18.50
060.010.050.0466,Personal Care,Compression Garments,MDS1717ABH,1434,1,CURAD Knee High Compression Dress Sock 8-15 mmHg,Business style with light compression. Black. Small.,curad-compression-dress-socks-mds1717abh-small-1-each-black.jpg,curad-compression-dress-socks-mds1717abh-small-1-each-black.jpg,exact,$15.50
060.010.050.0467,Personal Care,Compression Garments,MDS1717BBH,1435,1,CURAD Knee High Compression Dress Socks 8-15 mmHg,Business style with light compression. Black. Medium.,mds1717bbh.jpg,mds1717bbh.jpg,exact,$15.50
060.010.050.0468,Personal Care,Compression Garments,MDS1717CBH,1436,1,CURAD Knee High Compression Dress Socks 8-15 mmHg,Business style with light compression. Black. Large.,mds1717bbh_6.jpg,mds1717bbh_6.jpg,exact,$16.00
060.010.050.0469,Personal Care,Compression Garments,MDS1713ABH,1130,1,CURAD Knee High Compression Hosiery 8-15 mmHg,Light compression for tired legs. Black. Small Regular.,mds1713dbh_04_2.jpg,mds1713dbh_04_2.jpg,exact,$16.00
060.010.050.0470,Personal Care,Compression Garments,MDS1713BBH,1128,1,CURAD Knee High Compression Hosiery 8-15 mmHg,Light compression for tired legs. Black. Medium Regular.,mds1713dbh_04_1_1.jpg,mds1713dbh_04_1_1.jpg,exact,$16.00
060.010.050.0471,Personal Care,Compression Garments,MDS1713CBH,1126,1,CURAD Knee High Compression Hosiery 8-15 mmHg,Light compression for tired legs. Black. Large Regular.,mds1713dbh_04_1_3.jpg,mds1713dbh_04_1_3.jpg,exact,$16.00
060.010.050.0472,Personal Care,Compression Garments,MDS1713DBH,1438,2,CURAD Knee High Compression Hosiery 8-15 mmHg,Light compression for tired legs. Black. XL Regular.,mds1713dbh_04.jpg,mds1713dbh_04.jpg,exact,$16.00
060.010.050.0473,Personal Care,Compression Garments,MDS1712ATH,1131,1,CURAD Knee High Mild Compression Hosiery 8-15 mmHg,Light compression for tired legs. Tan. Small Regular.,mds1712ath_02.jpg,mds1712ath_02.jpg,exact,$16.00
060.010.050.0474,Personal Care,Compression Garments,MDS1712BTH,1129,1,CURAD Knee High Mild Compression Hosiery 8-15 mmHg,Light compression for tired legs. Tan. Medium Regular.,mds1712ath_02_3.jpg,mds1712ath_02_3.jpg,exact,$16.00
060.010.050.0475,Personal Care,Compression Garments,MDS1712CTH,1127,1,CURAD Knee High Mild Compression Hosiery 8-15 mmHg,Light compression for tired legs. Tan. Large Regular.,mds1712ath_02_5.jpg,mds1712ath_02_5.jpg,exact,$16.00
060.010.050.0476,Personal Care,Compression Garments,MDS1712DTH,1437,2,CURAD Knee High Mild Compression Hosiery 8-15 mmHg,Light compression for tired legs. Tan. XL Regular.,mds1712ath_02_6.jpg,mds1712ath_02_6.jpg,exact,$16.00
060.010.050.0477,Personal Care,Compression Garments,MDS1701ABH,1657,1,CURAD Knee High Medical Compression Hosiery 15-20 mmHg,Controlled pressure helps reduce swelling. Black. Small Regular.,mds1713dbh_04_1_5.jpg,mds1713dbh_04_1_5.jpg,exact,$17.50
060.010.050.0478,Personal Care,Compression Garments,MDS1701BBH,1658,1,CURAD Knee High Medical Compression Hosiery 15-20 mmHg,Controlled pressure helps reduce swelling. Black. Medium Regular.,mds1713dbh_04_2_8.jpg,mds1713dbh_04_2_8.jpg,exact,$17.50
060.010.050.0479,Personal Care,Compression Garments,MDS1701CBH,1659,1,CURAD Knee High Medical Compression Hosiery 15-20 mmHg,Controlled pressure helps reduce swelling. Black. Large Regular.,mds1713dbh_04_2_7.jpg,mds1713dbh_04_2_7.jpg,exact,$17.50
060.010.050.0480,Personal Care,Compression Garments,MDS1701DBH,1660,1,CURAD Knee High Medical Compression Hosiery 15-20 mmHg,Controlled pressure helps reduce swelling. Black. XL Regular.,mds1713dbh_04_2_6.jpg,mds1713dbh_04_2_6.jpg,exact,$17.50
060.010.050.0484,Personal Care,Compression Garments,MDS1700ATH,1685,1,CURAD Knee High Medical Compression Hosiery 15-20 mmHg,Controlled pressure helps reduce swelling. Tan. Small Regular.,curad-knee-high-compression-hosiery-mds1700ath-a-1-each-15-20-mmhg-tan.jpg,curad-knee-high-compression-hosiery-mds1700ath-a-1-each-15-20-mmhg-tan.jpg,exact,$17.50
060.010.050.0485,Personal Care,Compression Garments,MDS1700BTH,1686,1,CURAD Knee High Medical Compression Hosiery 15-20 mmHg,Controlled pressure helps reduce swelling. Tan. Medium Regular.,curad-knee-high-compression-hosiery-mds1700bth-1-each.jpg,curad-knee-high-compression-hosiery-mds1700bth-1-each.jpg,exact,$17.50
060.010.050.0486,Personal Care,Compression Garments,MDS1700CTH,1687,1,CURAD Knee High Medical Compression Hosiery 15-20 mmHg,Controlled pressure helps reduce swelling. Tan. Large Regular.,curad-knee-high-compression-hosiery-mds1700cth-e-1-each-15-20-mmhg-tan.jpg,curad-knee-high-compression-hosiery-mds1700cth-e-1-each-15-20-mmhg-tan.jpg,exact,$17.50
060.010.050.0487,Personal Care,Compression Garments,MDS1700DTH,1688,1,CURAD Knee High Medical Compression Hosiery 15-20 mmHg,Controlled pressure helps reduce swelling. Tan. XL Regular.,curad-knee-high-compression-hosiery-mds1700dth-d-1-each-15-20-mmhg-tan.jpg,curad-knee-high-compression-hosiery-mds1700dth-d-1-each-15-20-mmhg-tan.jpg,exact,$17.50
060.010.050.0491,Personal Care,Compression Garments,MDS1715BWH,2198,1,CURAD Knee High Athletic Compression Socks 15-20 mmHg,Cushioned foot for comfort plus graduated compression. White. Medium Regular.,curad-cushioned-compression-socks-mds1715bwh-b-1-each-15-20-mmhg-white.jpg,curad-cushioned-compression-socks-mds1715bwh-b-1-each-15-20-mmhg-white.jpg,exact,$25.00
060.010.050.0511,Personal Care,Eye Care,ORT30131,1920,1,Medline Eye Pillow,Unique massaging beads cool and conform to the face. Black.,SKU_ORT30131_BOX_Right_001_RGB.jpg,SKU_ORT30131_BOX_Right_001_RGB.jpg,exact,$12.00
060.010.050.0521,Personal Care,Feminine Care,FBC1000Z,6157,40,Panty Liner,"Light protection. 7"" long.",fbc1000z-01.jpg,,sku-token:fbc1000z,$8.00
060.010.050.0523,Personal Care,Feminine Care,KCP01396H,5010,64,Kotex Daily Panty Liners Regular,Light protection with Xpress Dri. Unscented.,kcp01396h-packaging-front.jpg,kcp01396h-packaging-front.jpg,exact,$8.00
060.010.050.0528,Personal Care,Foot Care,POD14201,1440,1,Medline Gel Hallux Bunion Guard,"Washable, reusable and hypoallergenic.",medline-gel-bunion-guard-pod14201.jpg,medline-gel-bunion-guard-pod14201.jpg,exact,$7.00
060.010.050.0529,Personal Care,Foot Care,OTCP3310,1432,1,Podiatrists' Choice Callus Control Cream 4 oz.,Extra strength with 20% urea.,podiatrists-choice-callus-control-cream-otcp3310.jpg,podiatrists-choice-callus-control-cream-otcp3310.jpg,exact,$16.00
060.010.050.0530,Personal Care,Foot Care,OTC000040,1433,9,GoodSense Corn Cushions,Compare to Dr. Scholl's.,corn-cushions-by-goodsense-otc000040.jpg,corn-cushions-by-goodsense-otc000040.jpg,exact,$4.00
060.010.050.0531,Personal Care,Foot Care,14203332,3685,9,Scott Foot Care Medicated Corn Removers,Medicated disks safely remove corns and soft pads provide pressure relief.,14203332.jpg,14203332.jpg,exact,$3.50
060.010.050.0532,Personal Care,Foot Care,OTC054000,3758,1,Gold Bond Medicated Diabetic Foot Cream 3.4 oz.,"Soothing relief for dry, cracked skin. 24 hours of moisture.",otc054000_pri01.jpg,otc054000_pri01.jpg,exact,$14.00
060.010.050.0533,Personal Care,Foot Care,OTC017067,1138,1,Gold Bond Medicated Foot Powder 4 oz.,Triple action relief. 1% menthol.,otc017067_01.jpg,otc017067_01.jpg,exact,$9.50
060.010.050.0534,Personal Care,Foot Care,OTC000064,1469,4,GoodSense Moleskin Plus Sheets,"4-1/8"" x 3-3/8"". Trim to fit. Compare to Dr. Scholl's.",moleskin-otc000064.jpg,moleskin-otc000064.jpg,exact,$5.00
060.010.050.0535,Personal Care,Foot Care,SLS7001,1974,1,Silipos Therastep Gel Toe Protector,"Coated on one side with soothing, medical-grade mineral oil.",SLS7001_PRI01.JPG,SLS7001_PRI01.JPG,exact,$8.50
060.010.050.0536,Personal Care,Foot Care,POD14202,1441,1,Medline Gel Hammer Toe Crest,Toe loop holds cushion in place. Reusable.,medline-gel-hammer-toe-crest-pod14202.jpg,medline-gel-hammer-toe-crest-pod14202.jpg,exact,$8.00
060.010.050.0537,Personal Care,Foot Care,OTC000026,1468,1,GoodSense Lamb's Wool Toe Padding 3/8 oz.,Compare to Dr. Scholl's.,lambs-wool-by-goodsense-otc000026.jpg,lambs-wool-by-goodsense-otc000026.jpg,exact,$7.50
060.010.050.0538,Personal Care,Foot Care,POD14206,1442,4,Medline Gel Toe Straighteners,Helps align big toe.,medline-gel-toe-buddy-pod14206.jpg,medline-gel-toe-buddy-pod14206.jpg,exact,$11.00
060.010.050.0539,Personal Care,Foot Care,CUR01496H,1132,1,CURAD Mediplast Wart Remover Pad,"Helps remove warts, corns, calluses. 40% salicylic acid. 2"" x 3"".",sku_cur01496_pkg_front_rgb_1.jpg,sku_cur01496_pkg_front_rgb_1.jpg,exact,$4.00
060.010.050.0546,Personal Care,Hand Sanitizers & Wipes,HH70G04H,3305,1,Medline Spectrum Advanced Hand Sanitizer Gel 4 oz.,Moisturizing formula with 70% ethyl alcohol.,hh70g04h-front.jpg,hh70g04h-front.jpg,exact,$4.00
060.010.050.0549,Personal Care,Hand Sanitizers & Wipes,HH70W160H,1071,160,Medline Spectrum Advanced Hand Sanitizer Wipes,"Unscented wipes with 70% ethyl alcohol, aloe and vitamin E. 6"" x 6.75"".",hh70w160h_01.jpg,hh70w160h_01.jpg,exact,$11.50
060.010.050.0552,Personal Care,Hand Sanitizers & Wipes,MSC350320H,3971,20,Medline Spectrum Advanced Hand Sanitizer Wipes,"70% ethyl alcohol with aloe and vitamin E to soothe skin. 5.5"" x 8"".",spectrum-advance-hand-sanitizer-wipes-msc350320h-1-each.jpg,spectrum-advance-hand-sanitizer-wipes-msc350320h-1-each.jpg,exact,$3.50
060.010.050.0553,Personal Care,Oral Care,MDE037101449H,1152,275,Medtech Oral BrushPicks,Safely and gently removes plaque and food stuck in teeth.,MDE037101449.jpg,MDE037101449.jpg,exact,$7.50
060.010.050.0554,Personal Care,Oral Care,SNA872H,1487,10,GUM Proxabrush Go-Betweens Teeth Cleaners,Triangle-shape bristles help remove more plaque.,SKU_SNA872_Outline_RGB.jpg,SKU_SNA872_Outline_RGB.jpg,exact,$8.00
060.010.050.0556,Personal Care,Oral Care,MDS6323RAH,3784,50,Gum Soft-Picks Original Dental Picks,Gently helps remove food and plaque between teeth.,mds6323rah-packaging-front.jpg,mds6323rah-packaging-front.jpg,exact,$5.00
060.010.050.0558,Personal Care,Oral Care,NWIDA2,1485,1,FreshMint Denture Adhesive 2 oz.,Compare to Fixodent Original.,denture-adhesive-by-new-world-imports-nwida2.jpg,denture-adhesive-by-new-world-imports-nwida2.jpg,exact,$5.00
060.010.050.0561,Personal Care,Oral Care,MDS096166H,1162,1,Super Poligrip Original Denture Adhesive Cream 2.4 oz.,Strong all-day hold. Zinc-free formula.,SKU_MDS096166_outline_RGB.jpg,SKU_MDS096166_outline_RGB.jpg,exact,$10.00
060.010.050.0562,Personal Care,Oral Care,OTC060570,3794,30,Sea Bond Upper Denture Adhesive Seals,75% stronger hold vs. leading paste. Fresh mint flavor.,otc060570_pri01.jpg,otc060570_pri01.jpg,exact,$12.00
060.010.050.0563,Personal Care,Oral Care,OTC065087,3793,30,Sea Bond Lower Denture Adhesive Seals,75% stronger hold vs. leading paste. Fresh mint flavor.,otc065087_pri01.jpg,otc065087_pri01.jpg,exact,$12.00
060.010.050.0564,Personal Care,Oral Care,OTC600448,3976,1,GoodSense Denture Brush,Easy-grip contoured handle.,OTC600448_PRI01.JPG,OTC600448_PRI01.JPG,exact,$4.50
060.010.050.0565,Personal Care,Oral Care,MDS136405Z,1155,90,Effervescent Denture Cleanser Tablets,Compare to the active ingredient in Efferdent.,mds136405z-product-packaging.jpg,mds136405z-product-packaging.jpg,exact,$9.00
060.010.050.0566,Personal Care,Oral Care,MDH096112454,1879,240,Polident 3-Minute Daily Denture Cleanser Tablets,MicroClean formula kills 99% of odor-causing bacteria in 3 minutes.,mdh096112454_pri01_1.jpeg,mdh096112454_pri01_1.jpeg,exact,$21.50
060.010.050.0570,Personal Care,Oral Care,CON000105,5003,1,Conair InterPlak Rechargeable Cordless Toothbrush,Recharges on its own compact storage base.,con000105-product-components.jpg,con000105-product-components.jpg,exact,$33.50
060.010.050.0571,Personal Care,Oral Care,EDS08144AH,3684,1,Colgate Sonic Battery Powered Toothbrush,4-way clean. One AA battery included.,eds08144ah.jpg,eds08144ah.jpg,exact,$16.00
060.010.050.0572,Personal Care,Oral Care,OTC004458,1157,90,GoodSense Mint Flossers,Slides easily between teeth for one-handed flossing.,otc004458-packaging-front.jpg,otc004458-packaging-front.jpg,exact,$5.50
060.010.050.0573,Personal Care,Oral Care,OTC004064,1154,1,Freshmint Waxed Dental Floss 100 yd.,Waxed to slip more easily through teeth. Mint flavor.,dental-floss-by-new-world-imports-otc004064.jpg,dental-floss-by-new-world-imports-otc004064.jpg,exact,$4.00
060.010.050.0575,Personal Care,Oral Care,OTC004985,1873,2,Waxed Dental Floss 100 yd.,Pack of 2. Mint flavor.,otc004985_03.jpg,otc004985_03.jpg,exact,$6.50
060.010.050.0576,Personal Care,Oral Care,EDS55501H,2229,1,Colgate Toothbrush with Soft Bristles,Soft bristles are gentle on teeth and gums. Wrapped.,eds55501_01.jpg,eds55501_01.jpg,exact,$2.50
060.010.050.0577,Personal Care,Oral Care,MDS136850H,1883,1,Medline Adult Toothbrush,Soft bristles are gentle on teeth and gums. Contoured handle. Wrapped.,sku_mds136850_detail_001_rgb_1.jpg,sku_mds136850_detail_001_rgb_1.jpg,exact,$2.00
060.010.050.0578,Personal Care,Oral Care,MDS096082H,1163,1,Medline Super Soft Adult Toothbrush,Soft bristles are gentle on teeth and gums. Contoured handle. Wrapped.,super-soft-toothbrushes-mds096082h-1-each-adult.jpg,super-soft-toothbrushes-mds096082h-1-each-adult.jpg,exact,$2.00
060.010.050.0579,Personal Care,Oral Care,OTC005009,1882,1,Adult Toothbrush with Soft Bristles,Ergonomic handle with cheek and tongue cleaner. Pack of 2.,otc005009_01.jpg,otc005009_01.jpg,exact,$3.50
060.010.050.0580,Personal Care,Oral Care,OTC005031,1484,2,Ascent Toothbrush with Medium Bristles,Fine rounded bristles to clean between teeth. Pack of 2.,otc005031_01.jpg,otc005031_01.jpg,exact,$4.00
060.010.050.0583,Personal Care,Oral Care,MDS096066AH,1482,1,Biotene Dry Mouth Moisturizing Spray 1.5 oz.,Refreshing gentle mint flavor.,SKU_MDS096066A_outline_RGB.jpg,SKU_MDS096066A_outline_RGB.jpg,exact,$16.00
060.010.050.0584,Personal Care,Oral Care,MDS096803H,1492,1,Medline Mouth Moisturizer Oral Gel 3g Packet,Trial-size packet.,mouth-moisturizing-oral-gel-mds096803h-1-each.jpg,mouth-moisturizing-oral-gel-mds096803h-1-each.jpg,exact,$1.00
060.010.050.0586,Personal Care,Oral Care,MDS096160BH,1480,1,Biotene Alcohol-Free Dry Mouth Mouthwash 16 oz.,Soothing moisturization without burning. Relief for up to 4 hours. Fresh mint.,SKU_MDS096160B_Front_027_Outline_RGB.jpg,SKU_MDS096160B_Front_027_Outline_RGB.jpg,exact,$12.00
060.010.050.0593,Personal Care,Oral Care,EDS08201AH,1151,2,Colgate 360 Sonic Replacement Brush Heads,Deep reach design with soft bristles.,sku_eds08201ah_pkg_front_001_rgb.jpg,sku_eds08201ah_pkg_front_001_rgb.jpg,exact,$11.00
060.010.050.0594,Personal Care,Oral Care,CON000112,5009,2,InterPlak Rechargeable Toothbrush Replacement Heads,Push on and click in place.,otc000112_new_look_dec_2022.png,otc000112_new_look_dec_2022.png,exact,$20.00
060.010.050.0595,Personal Care,Oral Care,EDS09782H,3418,1,Colgate Toothpaste 0.85 oz.,Cavity protection formula in travel-size tube. Regular flavor.,eds09782h.jpg,eds09782h.jpg,exact,$2.00
060.010.050.0598,Personal Care,Oral Care,NONTP275IH,4110,1,Medline Sparkle Fresh Toothpaste 2.75 oz.,Fluoride to help protect against cavities. Travel-size. Mint flavor.,nontp275ih_01.jpg,nontp275ih_01.jpg,exact,$2.00
060.010.050.0601,Personal Care,Oral Care,POG000513114H,3321,1,Crest Cavity Protection Toothpaste 4.2 oz.,Helps stop cavities and freshens breath. Travel size. Regular flavor.,pog000513114h.jpg,pog000513114h.jpg,exact,$8.50
060.010.050.0602,Personal Care,Oral Care,MDS096085AH,1483,1,Biotene Dry Mouth Fluoride Toothpaste 4.3 oz.,Fresh mint original flavor.,mds096085ah_pri03.jpg,mds096085ah_pri03.jpg,exact,$11.00
060.010.050.0603,Personal Care,Oral Care,OTC14043,1494,1,Fresh Mint Sensitive Teeth Toothpaste 4.3 oz.,Compare to the active ingredients in Sensodyne Fresh Mint.,OTC14043_HRE01.JPG,OTC14043_HRE01.JPG,exact,$4.50
060.010.050.0604,Personal Care,Oral Care,C-H00093H,1479,1,Aim Cavity Protection Gel Toothpaste 5.5 oz.,"Cleans, freshens and protects. Ultra mint.",c-h00093h-product-packaging-front.jpg,c-h00093h-product-packaging-front.jpg,exact,$6.00
060.010.050.0605,Personal Care,Oral Care,C-H00092H,1161,1,Pepsodent Complete Care Toothpaste 5.5 oz.,Enamel strengthening and helps whiten teeth. Original flavor.,c-h00092h.jpg,c-h00092h.jpg,exact,$4.50
060.010.050.0609,Personal Care,Oral Care,CON000150,5007,1,Conair Interplak Dental Water Jet,"Cordless, battery operated water jet flushes out plaque and food debris.",con000150.png,con000150.png,exact,$37.50
060.010.050.0613,Personal Care,Skin Care + Hair Care,OTC881649,2045,1,MyDerm Aloe Gel 16 oz.,Cools and soothes skin. Helps restore moisture.,otc881649_01.jpg,otc881649_01.jpg,exact,$11.50
060.010.050.0620,Personal Care,Skin Care + Hair Care,MSC095392H,1718,1,Medline Soothe & Cool Cornstarch Body Powder 14 oz.,Non-caking formula goes on soft and rinses off easily. Lightly scented.,soothe-and-cool-cornstarch-body-powder-msc095392h-1-each.jpg,soothe-and-cool-cornstarch-body-powder-msc095392h-1-each.jpg,exact,$7.00
060.010.050.0621,Personal Care,Skin Care + Hair Care,OTC002904,2164,1,Pyrithione Zinc Dandruff Shampoo/Conditioner 14.2 oz.,Compare to the active ingredients in Head & Shoulders 2-in-1 Classic Clean.,dandruff-shampoo-conditioner-otc002904.jpg,dandruff-shampoo-conditioner-otc002904.jpg,exact,$8.50
060.010.050.0628,Personal Care,Skin Care + Hair Care,OTC007435,1491,1,GoodSense Lip Balm,SPF 15. Compare to the active ingredients in ChapStick.,lip-balm-otc007435.jpg,lip-balm-otc007435.jpg,exact,$3.50
060.010.050.0630,Personal Care,Skin Care + Hair Care,OTC009309,1158,2,GoodSense Medicated Lip Balm Treatment,Palm-sized tin fits easily in your pocket. Pack of 2.,otc009309_01.jpg,otc009309_01.jpg,exact,$6.00
060.010.050.0631,Personal Care,Skin Care + Hair Care,BXI83125NZ,3778,3,Blistex Medicated Lip Balm with SPF 15,"Smooth, easy-gliding protection.",bxi83125nz_01.jpg,bxi83125nz_01.jpg,exact,$8.50
060.010.050.0632,Personal Care,Skin Care + Hair Care,MSC092532H,1521,1,Medline Remedy Prevent Silicone Cream 2 oz.,"Premium 24% silicone blend cream for hands, face, body. Vanilla scent.",msc092532h-front.jpg,msc092532h-front.jpg,exact,$6.50
060.010.050.0633,Personal Care,Skin Care + Hair Care,MSC092534H,1517,1,Medline Remedy Prevent Silicone Cream 4 oz.,"Premium 24% silicone blend cream for hands, face, body. Vanilla scent.",msc092534h-front.jpg,msc092534h-front.jpg,exact,$9.00
060.010.050.0634,Personal Care,Skin Care + Hair Care,MSC092534UNSH,4113,1,Medline Remedy Prevent Silicone Cream 4 oz.,"Premium 24% silicone blend cream for hands, face, body. Unscented.",msc092534unsc-front.jpg,msc092534unsc-front.jpg,exact,$10.00
060.010.050.0635,Personal Care,Skin Care + Hair Care,MSC0924002H,2197,1,Medline Remedy Skin Cream Moisturizer 2 oz.,Hydrates for 24 hours with no greasy residue. Vanilla scent.,msc0924002h-front.jpg,msc0924002h-front.jpg,exact,$4.00
060.010.050.0637,Personal Care,Skin Care + Hair Care,MSC092408H,1246,1,Medline Remedy Skin Cream Moisturizer 8 oz.,Hydrates for 24 hours with no greasy residue. Vanilla scent.,msc092408-front.jpg,msc092408-front.jpg,exact,$9.00
060.010.050.0638,Personal Care,Skin Care + Hair Care,MSC092432H,3351,1,Medline Remedy Clinical Skin Cream 32 oz.,Hydrates for 24 hours with no greasy residue. Vanilla scent.,msc092432h-front.jpg,msc092432h-front.jpg,exact,$21.50
060.010.050.0639,Personal Care,Skin Care + Hair Care,MSC092416H,1518,1,Medline Remedy Skin Cream Moisturizer 16 oz.,Hydrates for 24 hours with no greasy residue. Vanilla scent.,msc092416h-front_2.jpg,msc092416h-front_2.jpg,exact,$13.00
060.010.050.0640,Personal Care,Skin Care + Hair Care,MSC0924402H,4114,1,Medline Remedy Skin Cream with Dimethicone 2 oz.,Advanced botanical hand and body cream. Orange vanilla scent.,msc0924402h.jpg,msc0924402h.jpg,exact,$6.00
060.010.050.0641,Personal Care,Skin Care + Hair Care,MSC0924404H,1247,1,Medline Remedy Skin Cream with Dimethicone 4 oz.,Advanced botanical hand and body cream. Orange vanilla scent.,msc0924404h-product-front.jpg,msc0924404h-product-front.jpg,exact,$7.00
060.010.050.0642,Personal Care,Skin Care + Hair Care,MSC0924404UNH,5015,1,Medline Remedy Skin Cream with Dimethicone 4 oz.,Advanced botanical hand and body cream. Unscented.,sku_msc0924404uns_rgb.jpg,sku_msc0924404uns_rgb.jpg,exact,$7.00
060.010.050.0649,Personal Care,Skin Care + Hair Care,H-HAD13H,1716,1,Gentell Vitamin A&D+E Ointment 13 oz.,"Protects and soothes minor burns, skin irritations, chapping, rashes.",gentell-a-and-d-ointment-h-had13h-1-each-13.jpg,gentell-a-and-d-ointment-h-had13h-1-each-13.jpg,exact,$9.50
060.010.050.0652,Personal Care,Skin Care + Hair Care,MSC092564H,2046,1,Remedy Intensive Skin Hydraguard-D Silicone Cream 4 oz.,Moisture barrier for use on even fragile skin. 12.5% dimethicone. Unscented.,msc092564h-front.jpg,msc092564h-front.jpg,exact,$7.00
060.010.050.0656,Personal Care,Skin Care + Hair Care,OTC001904,1404,1,CareAll Petroleum Jelly 4 oz.,"Moisturizes rough, dry, chapped skin.",petroleum-jelly-tub-otc001904-1-each-4.jpg,petroleum-jelly-tub-otc001904-1-each-4.jpg,exact,$6.00
060.010.050.0657,Personal Care,Skin Care + Hair Care,OTC13PJH,1076,1,CareAll Petroleum Jelly 13 oz.,"Moisturizes rough, dry, chapped skin.",otc13pjh-product-front.jpg,otc13pjh-product-front.jpg,exact,$9.50
060.010.050.0661,Personal Care,Skin Care + Hair Care,MSC092108H,1428,1,Medline Remedy No-Rinse Foam Cleanser 8 oz.,"Gentle, sulfate-free formula cleans head to toe. Vanilla scent.",msc092108-front_1.jpg,msc092108-front_1.jpg,exact,$9.00
060.010.050.0664,Personal Care,Skin Care + Hair Care,MSC092308H,1429,1,Remedy Cleanse Cleansing Body Lotion 8 oz.,"Gentle, no-rinse formula. Vanilla scent.",msc092308h-front.jpg,msc092308h-front.jpg,exact,$10.00
060.010.050.0673,Personal Care,Skin Care + Hair Care,OTC000748,1529,1,Tri Derma Vein Defense Healing Cream 4 oz.,Concentrated formula for face and body.,vein-defense-healing-cream-otc000748.jpg,vein-defense-healing-cream-otc000748.jpg,exact,$24.00
060.010.050.0677,Personal Care,Sunscreens,OTC049726,1252,1,Solar Screen SPF 30 Ultra Sunscreen Lotion 8 oz.,Compare to the active ingredients in Coppertone Ultra Guard Sunscreen Lotion.,sunscreen-spf-30-otc049726.jpg,sunscreen-spf-30-otc049726.jpg,exact,$11.00
060.010.050.0681,Personal Care,Sunscreens,OTC001174,1527,1,GoodSense SPF 50 Sunscreen Lotion 8 oz.,Compare to the active ingredients in Coppertone.,goodsense-spf-50-sunscreen-lotion-otc001174-1-each-8.jpg,goodsense-spf-50-sunscreen-lotion-otc001174-1-each-8.jpg,exact,$10.50
060.010.050.0684,Personal Care,Sunscreens,JIP87270H,3763,1,Neutrogena Age Shield Face Sunscreen SPF 70 3 oz.,"Oil-free, nongreasy formula protects and hydrates skin.",jip87270h_pri01.jpg,jip87270h_pri01.jpg,exact,$16.00
060.010.050.0686,Personal Care,Sunscreens,OTC118439,2054,1,Sunscreen Spot Stick 0.65 oz.,Great for ears and nose. Broad spectrum SPF 50.,otc118439_front001.jpg,otc118439_front001.jpg,exact,$9.50
060.010.050.0688,Personal Care,Sunscreens,BEI140035303H,6169,2,Coppertone SPF 50 Sport Sunscreen Spray 11 oz.,"Stops up to 98% UV rays. Resists sweat, heat and water. Twin pack.",bei140035303h.jpg,bei140035303h.jpg,exact,$22.50
060.010.050.0689,Personal Care,Wipes & Cloths,MSC092508H,1516,8,Medline Remedy Prevent Barrier Cream Cloths,"3-in-1 skin protectant wipe with 3.6% dimethicone. 8"" x 8"". Vanilla scent.",msc092508h-front.jpg,msc092508h-front.jpg,exact,$4.00
060.010.050.0690,Personal Care,Wipes & Cloths,MSC092548H,2316,48,Medline Remedy Prevent Barrier Cream Cloths,"3-in-1 skin protectant wipe with 3.6% dimethicone. 8"" x 12"". Vanilla scent.",pf75407-front.jpg,pf75407-front.jpg,exact,$7.00
060.010.050.0692,Personal Care,Wipes & Cloths,MSC095104H,6131,8,Medline ReadyBath SELECT Antibacterial Bathing Wipes,"Medium-weight 8"" x 8"" wipe. One 8-pack cleanses the entire body. Scented.",msc095104h.jpg,msc095104h.jpg,exact,$2.00
060.010.050.0693,Personal Care,Wipes & Cloths,ULTRASFT1214Z,1723,90,Medline Ultrasoft Disposable Dry Cleansing Cloths,"Multipurpose - add water to gently cleanse. Do not flush. 12"" x 14"". Unscented.",SKU_ULTRASOFT1214_Wipe_070_RGB.jpg,SKU_ULTRASOFT1214_Wipe_070_RGB.jpg,exact,$7.00
060.010.050.0695,Personal Care,Wipes & Cloths,KCD52248Z,3777,14,Cottonelle Flushable Wipes,"Biodegradable, flushable, alcohol-free. 14 wipes in an individual travel pack.",kcd52248z-front.jpg,kcd52248z-front.jpg,exact,$3.50
060.010.050.0699,Personal Care,Wipes & Cloths,MSC263954H,1858,100,Medline FitRight Aloe Personal Wipes,"Gentle aloe-based formula. Standard weight. 8"" x 10"". Unscented.",msc263954h_left.jpg,msc263954h_left.jpg,exact,$10.00
060.010.050.0702,Personal Care,Wipes & Cloths,MSC263854H,1103,100,Medline FitRight Aloe Personal Wipes,"Gentle aloe-based formula. Standard weight. 8"" x 10"". Scented.",msc263854hleft.jpg,msc263854hleft.jpg,exact,$10.00
060.010.050.0704,Personal Care,Wipes & Cloths,MSC263820H,3948,40,ReadyFlush JR Biodegradable Flushable Wipes,"Safe for sewer and septic systems. 7"" x 8"". Unscented.",readyflush-biodegradable-flushable-personal-cleaning-wet-wipes-msc263820h-40-pack.jpg,readyflush-biodegradable-flushable-personal-cleaning-wet-wipes-msc263820h-40-pack.jpg,exact,$5.00
060.010.050.0705,Personal Care,Wipes & Cloths,MSC263810H,1116,24,ReadyFlush Biodegradable Flushable Wipes,"Safe for sewer and septic systems. 8"" x 12"". Scented.",msc263810_pri07.jpg,msc263810_pri07.jpg,exact,$4.00
060.010.050.0706,Personal Care,Wipes & Cloths,MSC263840H,1117,48,ReadyFlush SELECT Biodegradable Flushable Wipes,"Safe for sewer and septic systems. 8"" x 12"". Scented.",SKU_MSC263840_PKG_Outline.jpg,SKU_MSC263840_PKG_Outline.jpg,exact,$6.50
060.010.050.0707,Physical Therapy,Braces & Supports,CURORT612HH,4161,1,CURAD Elastic Figure 8 Ankle Wrap,Adjustable support & compression simulates taping. Fits right or left. One size.,curort612hh_01.jpg,curort612hh_01.jpg,exact,$5.50
060.010.050.0708,Physical Therapy,Braces & Supports,CURIM2611SMHH,6003,1,CURAD Infrared Elastic Pull-Over Ankle Support,Helps convert body's heat into infrared energy for faster recovery. S/M.,curim2611smhh_pri01.jpg,curim2611smhh_pri01.jpg,exact,$10.50
060.010.050.0709,Physical Therapy,Braces & Supports,CURIM2611LXHH,6004,1,CURAD Infrared Elastic Pull-Over Ankle Support,Helps convert body's heat into infrared energy for faster recovery. L/XL.,curim2611lxhh_pri01.jpg,curim2611lxhh_pri01.jpg,exact,$10.50
060.010.050.0710,Physical Therapy,Braces & Supports,CURORT220HH,4167,1,CURAD Universal Elastic Back Support,Low-profile adjustable compression. Hook-and-loop closure. Black. One size.,sku_curort220_box_left_rgb.jpg,sku_curort220_box_left_rgb.jpg,exact,$22.50
060.010.050.0711,Physical Therapy,Braces & Supports,CURORT225SMHH,4166,1,CURAD Back Support with Dual-Pulley System,Customized fit and compression for pulled muscles. Metal stays. Black. S/M.,ort2250lxldhh_01_1.jpg,ort2250lxldhh_01_1.jpg,exact,$17.50
060.010.050.0712,Physical Therapy,Braces & Supports,CURORT225LXHH,4165,1,CURAD Back Support with Dual-Pulley System,Customized fit and compression for pulled muscles. Metal stays. Black. L/XL.,ort2250lxldhh_01.jpg,ort2250lxldhh_01.jpg,exact,$18.50
060.010.050.0715,Physical Therapy,Braces & Supports,CURORT823HH,5014,2,CURAD Knit Heel and Elbow Protectors,Double layer of foam to help protect pressure points. Washable. One size.,curort823hh_pri01.jpg,curort823hh_pri01.jpg,exact,$14.00
060.010.050.0716,Physical Therapy,Braces & Supports,CURORT176HH,6005,1,CURAD Wraparound Elbow Support with Dual Straps,Breathable compression for mild strains. Fits right or left. One size.,curort176hh-front.jpg,curort176hh-front.jpg,exact,$7.00
060.010.050.0717,Physical Therapy,Braces & Supports,ORT17200S,1176,1,Medline Neoprene Slip-On Elbow Support,"For mild sprains, tennis elbow. Fits right or left. S (7""-9"" wrist circum).",neoprene-elbow-supports-ort17200s.jpg,neoprene-elbow-supports-ort17200s.jpg,exact,$6.50
060.010.050.0718,Physical Therapy,Braces & Supports,ORT17200M,1175,1,Medline Neoprene Slip-On Elbow Support,"For mild sprains, tennis elbow. Fits right or left. M (9""-11"" wrist circum).",ORT17200M_HRE01.JPG,ORT17200M_HRE01.JPG,exact,$6.50
060.010.050.0719,Physical Therapy,Braces & Supports,ORT17200L,1174,1,Medline Neoprene Slip-On Elbow Support,"For mild sprains, tennis elbow. Fits right or left. L (11""-13"" wrist circum).",ORT17200L_HRE01.JPG,ORT17200L_HRE01.JPG,exact,$6.50
060.010.050.0720,Physical Therapy,Braces & Supports,ORT17200XL,1512,1,Medline Neoprene Slip-On Elbow Support,"For mild sprains, tennis elbow. Fits right or left. XL (13""-15"" wrist circum).",ORT17200XL_HRE01.JPG,ORT17200XL_HRE01.JPG,exact,$6.50
060.010.050.0721,Physical Therapy,Braces & Supports,ORT19810S,1705,1,Medline Carpal Tunnel Glove with Flexible Splint,"Cotton/spandex. For carpal tunnel, arthritis. Fits right or left. Black. Small.",SKU_ORT19810S_BOX_Right_RGB.jpg,SKU_ORT19810S_BOX_Right_RGB.jpg,exact,$16.00
060.010.050.0722,Physical Therapy,Braces & Supports,ORT19810M,1704,1,Medline Carpal Tunnel Glove with Flexible Splint,"Cotton/spandex. For carpal tunnel, arthritis. Fits right or left. Black. Medium.",SKU_ORT19810M_BOX_Right_RGB.jpg,SKU_ORT19810M_BOX_Right_RGB.jpg,exact,$16.00
060.010.050.0723,Physical Therapy,Braces & Supports,ORT19810L,1703,1,Medline Carpal Tunnel Glove with Flexible Splint,"Cotton/spandex. For carpal tunnel, arthritis. Fits right or left. Black. Large.",SKU_ORT19810L_BOX_Front_RGB.jpg,SKU_ORT19810L_BOX_Front_RGB.jpg,exact,$16.00
060.010.050.0725,Physical Therapy,Braces & Supports,CURORT231SHH,3738,1,CURAD 9-Inch Elastic Pull-Over Knee Support,"Compression for weak/injured knee. Fits right or left. S (14""-16"" circum).",curort231shh_01_1.jpg,curort231shh_01_1.jpg,exact,$5.50
060.010.050.0726,Physical Therapy,Braces & Supports,CURORT231MHH,4159,1,CURAD 9-Inch Elastic Pull-Over Knee Support,"Compression for weak/injured knee. Fits right or left. M (16""-18"" circum).",curort231mhh_01_2.jpg,curort231mhh_01_2.jpg,exact,$5.50
060.010.050.0727,Physical Therapy,Braces & Supports,CURORT231LHH,4157,1,CURAD 9-Inch Elastic Pull-Over Knee Support,"Compression for weak/injured knee. Fits right or left. L (18""-20"" circum).",curort231mhh_01.jpg,curort231mhh_01.jpg,exact,$5.50
060.010.050.0728,Physical Therapy,Braces & Supports,CURORT231XHH,4158,1,CURAD 9-Inch Elastic Pull-Over Knee Support,"Compression for weak/injured knee. Fits right or left. XL (20""-22"" circum).",curort231mhh_01_1.jpg,curort231mhh_01_1.jpg,exact,$5.50
060.010.050.0729,Physical Therapy,Braces & Supports,ORT23230S,1172,1,Medline Knee Support with Removable U-Buttress,"Stretch neoprene for compression. Fits right or left. S (13""-14"" knee circum).",knee-supports-with-removable-u-buttress-ort23230s.jpg,knee-supports-with-removable-u-buttress-ort23230s.jpg,exact,$18.00
060.010.050.0730,Physical Therapy,Braces & Supports,ORT23230M,1171,1,Medline Knee Support with Removable U-Buttress,"Stretch neoprene for compression. Fits right or left. M (14""-15"" knee circum).",ORT23230M_HRE01.JPG,ORT23230M_HRE01.JPG,exact,$18.00
060.010.050.0731,Physical Therapy,Braces & Supports,ORT23230L,1170,1,Medline Knee Support with Removable U-Buttress,"Stretch neoprene for compression. Fits right or left. L (15""-16"" knee circum).",ORT23230L_HRE01.JPG,ORT23230L_HRE01.JPG,exact,$18.00
060.010.050.0732,Physical Therapy,Braces & Supports,ORT23230XL,1742,1,Medline Knee Support with Removable U-Buttress,"Stretch neoprene for compression. Fits right or left. XL (16""-18"" knee circum).",ORT23230XL_HRE01.JPG,ORT23230XL_HRE01.JPG,exact,$18.00
060.010.050.0733,Physical Therapy,Braces & Supports,CURORT230HH,5006,1,CURAD Adjustable Knee Support with Patella Pad,"Wraparound with hook-and-loop closures for custom, firm support. Fits right or left. One size.",curort230hh-packaging-front.jpg,curort230hh-packaging-front.jpg,exact,$20.00
060.010.050.0734,Physical Therapy,Braces & Supports,CURORT182HH,4202,1,CURAD Universal Thumb Brace,"Soft, stabilizing support for sprains, tendonitis. Fits right or left. One size.",curort182hh-packaging-front.jpg,curort182hh-packaging-front.jpg,exact,$8.00
060.010.050.0735,Physical Therapy,Braces & Supports,CURORT196SHH,4164,1,CURAD 7-Inch Elastic Pull-Over Wrist Support,"Compression for weak/injured wrist. Fits right or left. S (5""-6"" circum).",curort196lhh_01_3.jpg,curort196lhh_01_3.jpg,exact,$6.50
060.010.050.0736,Physical Therapy,Braces & Supports,CURORT196MHH,4163,1,CURAD 7-Inch Elastic Pull-Over Wrist Support,"Compression for weak/injured wrist. Fits right or left. M (6""-7"" circum).",curort196lhh_01_2.jpg,curort196lhh_01_2.jpg,exact,$6.50
060.010.050.0737,Physical Therapy,Braces & Supports,CURORT196LHH,4160,1,CURAD 7-Inch Elastic Pull-Over Wrist Support,"Compression for weak/injured wrist. Fits right or left. L (7""-8.5"" circum).",curort196lhh_01.jpg,curort196lhh_01.jpg,exact,$6.50
060.010.050.0738,Physical Therapy,Braces & Supports,CURORT196XHH,4162,1,CURAD 7-Inch Elastic Pull-Over Wrist Support,"Compression for weak/injured wrist. Fits right or left. XL (8.5""-10"" circum).",curort196lhh_01_1.jpg,curort196lhh_01_1.jpg,exact,$6.50
060.010.050.0740,Physical Therapy,Daily Living Aids,MDSR020242,1767,1,Medline Steel Shoehorn,"Straight steel with red grip for a better hold. 18"" long.",steel-shoehorns-mdsr020242-1-each.jpg,steel-shoehorns-mdsr020242-1-each.jpg,exact,$7.00
060.010.050.0741,Physical Therapy,Daily Living Aids,MDSAGR26H,2188,1,Medline Pistol Grip Reacher,"Extends your reach by 2 feet to grasp lightweight objects. 26"" long.",pistol-grip-reacher-mdsagr26h-1-each.jpg,pistol-grip-reacher-mdsagr26h-1-each.jpg,exact,$10.00
060.010.050.0742,Physical Therapy,Daily Living Aids,MDSAGRH,2126,1,Medline Pistol Grip Reacher,"Extends your reach by 2 feet to grasp lightweight objects. 32"" long.",pistol-grip-reacher-mdsagrh-1-each.jpg,pistol-grip-reacher-mdsagrh-1-each.jpg,exact,$18.00
060.010.050.0745,Physical Therapy,Fitness Technology,MDSP3044,1651,1,Medline Heart Rate Monitor Pedometer Watch,"Water resistant, 2 custom alarms, stores last 50 days of steps.",heart-rate-and-pedometer-watch-mdsp3044.jpg,heart-rate-and-pedometer-watch-mdsp3044.jpg,exact,$30.00
060.010.050.0746,Physical Therapy,Fitness Technology,MDSP3045,1938,1,Medline Slim Heart Rate Monitor Pedometer Watch,Water-resistant. Pulse sensors for continuous heart rate monitoring. Gray.,SKU_MDSP3045_Front_100.jpg,SKU_MDSP3045_Front_100.jpg,exact,$28.00
060.010.050.0747,Physical Therapy,Fitness Technology,MDSPEDOM,4153,1,Medline Deluxe Pedometer,"Extra-large display shows steps taken, distance covered, calories burned.",mdspedom_pri02.jpg,mdspedom_pri02.jpg,exact,$17.00
060.010.050.0774,Protection Wear,Patient Apparel,MDT211216BIH,1774,2,Medline Single-Tread Safety Slippers,Lightweight with skid-resistant treads. Blue. One size fits most.,mdt211216bih-01.jpg,mdt211216bih-01.jpg,exact,$2.50
060.010.050.0775,Protection Wear,Patient Apparel,MDTDBLTREADSH,6002,2,Medline Double-Tread Terrycloth Safety Slippers,Unisex style with skid-resistant tread on both top and bottom. Red. Small.,mdtdbltreadsh_pri01.jpg,mdtdbltreadsh_pri01.jpg,exact,$2.00
060.010.050.0776,Protection Wear,Patient Apparel,MDTDBLTREADMH,6001,2,Medline Double-Tread Terrycloth Safety Slippers,Unisex style with skid-resistant tread on both top and bottom. Green. Medium.,color-coded-patient-double-tread-slippers-size-m-medium-1-pair-green.jpg,color-coded-patient-double-tread-slippers-size-m-medium-1-pair-green.jpg,exact,$2.00
060.010.050.0777,Protection Wear,Patient Apparel,MDTDBLTREADLH,3357,2,Medline Double-Tread Terrycloth Safety Slippers,Unisex style with skid-resistant tread on both top and bottom. Blue. Large.,color-coded-patient-double-tread-slippers-size-l-large-1-pair-blue.jpg,color-coded-patient-double-tread-slippers-size-l-large-1-pair-blue.jpg,exact,$2.00
060.010.050.0784,Respiratory,Oxygen Therapy,MDT219CPAP,3383,1,Medline Fiber Filled CPAP Pillow,"Designed to let mask and hose hang over side of pillow. 21""L x 15""W x 4""H.",mdt219cpap_01.jpg,mdt219cpap_01.jpg,exact,$41.00
060.010.050.0785,Respiratory,Oxygen Therapy,MDT219CPAPMR,3384,1,Medline Compressed Memory Foam CPAP Pillow,"Helps keep mask on straight. Contoured for side sleepers. 24""L x 14""W x 5""H.",sku_mdt219cpapmr_angle_047.jpg,sku_mdt219cpapmr_angle_047.jpg,exact,$46.00
